path,source_status,subsystem,include_or_exclude,reason,target_commit,validation
.codex-worktrees/canopyproof-jpg-logo-deploy/,untracked,X duplicate-linked-worktree,exclude,separate linked worktree duplicates repository-relative paths,EXCLUDED,path_and_boundary_reviewed
.codex-worktrees/canopyproof-svg-deploy/,untracked,X duplicate-linked-worktree,exclude,separate linked worktree duplicates repository-relative paths,EXCLUDED,path_and_boundary_reviewed
.DS_Store,tracked_modified,X generated-artifact,exclude,OS or tool-generated cache,EXCLUDED,path_and_boundary_reviewed
.github/workflows/canopyproof-ci.yml,untracked,I validation-coverage,include,non-deploying CanopyProof CI gate,PENDING_I_VALIDATION_COVERAGE,pending_clean_replay
.github/workflows/deploy-canopyproof.yml,tracked_modified,X deployment-or-legacy-workflow,exclude,"deployment, testnet, or legacy workflow is outside Phase R0",EXCLUDED,path_and_boundary_reviewed
.github/workflows/dual-deployment.yml,untracked,X deployment-or-legacy-workflow,exclude,"deployment, testnet, or legacy workflow is outside Phase R0",EXCLUDED,path_and_boundary_reviewed
.github/workflows/e2e-demo.yml,untracked,X deployment-or-legacy-workflow,exclude,"deployment, testnet, or legacy workflow is outside Phase R0",EXCLUDED,path_and_boundary_reviewed
.github/workflows/e2e-dual-track.yml,untracked,X deployment-or-legacy-workflow,exclude,"deployment, testnet, or legacy workflow is outside Phase R0",EXCLUDED,path_and_boundary_reviewed
canopyproof-spatial-grid-tree/,untracked,X duplicate-linked-worktree,exclude,separate linked worktree duplicates repository-relative paths,EXCLUDED,path_and_boundary_reviewed
dropin-earth/.DS_Store,untracked,X generated-artifact,exclude,OS or tool-generated cache,EXCLUDED,path_and_boundary_reviewed
dropin-earth/.env.example,tracked_modified,X secret-boundary,exclude,environment or private-key-bearing filename is excluded without reading,EXCLUDED,path_and_boundary_reviewed
dropin-earth/.env.phase16.example,untracked,X secret-boundary,exclude,environment or private-key-bearing filename is excluded without reading,EXCLUDED,path_and_boundary_reviewed
dropin-earth/.github/workflows/atomic-workflow-monitor.yml,untracked,X deployment-or-legacy-workflow,exclude,nested deployment and production workflows are outside Phase R0,EXCLUDED,path_and_boundary_reviewed
dropin-earth/.github/workflows/deploy-canopyproof.yml,untracked,X deployment-or-legacy-workflow,exclude,nested deployment and production workflows are outside Phase R0,EXCLUDED,path_and_boundary_reviewed
dropin-earth/.github/workflows/production-e2e.yml,untracked,X deployment-or-legacy-workflow,exclude,nested deployment and production workflows are outside Phase R0,EXCLUDED,path_and_boundary_reviewed
dropin-earth/.github/workflows/randomness-sybil-monitor.yml,untracked,X deployment-or-legacy-workflow,exclude,nested deployment and production workflows are outside Phase R0,EXCLUDED,path_and_boundary_reviewed
dropin-earth/.gitignore,tracked_modified,R0 recovery-evidence,include,proven generated-output ignore boundary,PENDING_R0_RECOVERY_EVIDENCE,pending_clean_replay
dropin-earth/apps/admin/src/app/risk/page.tsx,tracked_modified,X non-R0-product-surface,exclude,separate product surface is not part of industrial recovery slices,EXCLUDED,path_and_boundary_reviewed
dropin-earth/apps/admin/src/app/status/page.tsx,tracked_modified,X non-R0-product-surface,exclude,separate product surface is not part of industrial recovery slices,EXCLUDED,path_and_boundary_reviewed
dropin-earth/apps/dropin-dashboard/next-env.d.ts,untracked,X non-R0-product-surface,exclude,separate product surface is not part of industrial recovery slices,EXCLUDED,path_and_boundary_reviewed
dropin-earth/apps/dropin-dashboard/package.json,untracked,X non-R0-product-surface,exclude,separate product surface is not part of industrial recovery slices,EXCLUDED,path_and_boundary_reviewed
dropin-earth/apps/dropin-dashboard/src/app/api/local-e2e/route.ts,untracked,X non-R0-product-surface,exclude,separate product surface is not part of industrial recovery slices,EXCLUDED,path_and_boundary_reviewed
dropin-earth/apps/dropin-dashboard/src/app/globals.css,untracked,X non-R0-product-surface,exclude,separate product surface is not part of industrial recovery slices,EXCLUDED,path_and_boundary_reviewed
dropin-earth/apps/dropin-dashboard/src/app/layout.tsx,untracked,X non-R0-product-surface,exclude,separate product surface is not part of industrial recovery slices,EXCLUDED,path_and_boundary_reviewed
dropin-earth/apps/dropin-dashboard/src/app/page.tsx,untracked,X non-R0-product-surface,exclude,separate product surface is not part of industrial recovery slices,EXCLUDED,path_and_boundary_reviewed
dropin-earth/apps/dropin-dashboard/src/components/GlobalMapHeatmap.tsx,untracked,X non-R0-product-surface,exclude,separate product surface is not part of industrial recovery slices,EXCLUDED,path_and_boundary_reviewed
dropin-earth/apps/dropin-dashboard/src/components/InteractiveGlobalMap.tsx,untracked,X non-R0-product-surface,exclude,separate product surface is not part of industrial recovery slices,EXCLUDED,path_and_boundary_reviewed
dropin-earth/apps/dropin-dashboard/src/components/LaneStatusCard.tsx,untracked,X non-R0-product-surface,exclude,separate product surface is not part of industrial recovery slices,EXCLUDED,path_and_boundary_reviewed
dropin-earth/apps/dropin-dashboard/src/components/LeafPointsChart.tsx,untracked,X non-R0-product-surface,exclude,separate product surface is not part of industrial recovery slices,EXCLUDED,path_and_boundary_reviewed
dropin-earth/apps/dropin-dashboard/src/components/MilestoneCertificate.tsx,untracked,X non-R0-product-surface,exclude,separate product surface is not part of industrial recovery slices,EXCLUDED,path_and_boundary_reviewed
dropin-earth/apps/dropin-dashboard/src/components/Phase16LocalDashboard.tsx,untracked,X non-R0-product-surface,exclude,separate product surface is not part of industrial recovery slices,EXCLUDED,path_and_boundary_reviewed
dropin-earth/apps/dropin-dashboard/src/components/PoCCEventStream.tsx,untracked,X non-R0-product-surface,exclude,separate product surface is not part of industrial recovery slices,EXCLUDED,path_and_boundary_reviewed
dropin-earth/apps/dropin-dashboard/src/components/RegionDetailPanel.tsx,untracked,X non-R0-product-surface,exclude,separate product surface is not part of industrial recovery slices,EXCLUDED,path_and_boundary_reviewed
dropin-earth/apps/dropin-dashboard/src/components/RwaTokenChart.tsx,untracked,X non-R0-product-surface,exclude,separate product surface is not part of industrial recovery slices,EXCLUDED,path_and_boundary_reviewed
dropin-earth/apps/dropin-dashboard/src/hooks/useLocalE2E.ts,untracked,X non-R0-product-surface,exclude,separate product surface is not part of industrial recovery slices,EXCLUDED,path_and_boundary_reviewed
dropin-earth/apps/dropin-dashboard/src/types/local-e2e.ts,untracked,X non-R0-product-surface,exclude,separate product surface is not part of industrial recovery slices,EXCLUDED,path_and_boundary_reviewed
dropin-earth/apps/dropin-dashboard/tsconfig.json,untracked,X non-R0-product-surface,exclude,separate product surface is not part of industrial recovery slices,EXCLUDED,path_and_boundary_reviewed
dropin-earth/apps/dropin-desktop/package.json,untracked,X non-R0-product-surface,exclude,separate product surface is not part of industrial recovery slices,EXCLUDED,path_and_boundary_reviewed
dropin-earth/apps/dropin-desktop/src/main.ts,untracked,X non-R0-product-surface,exclude,separate product surface is not part of industrial recovery slices,EXCLUDED,path_and_boundary_reviewed
dropin-earth/apps/dropin-desktop/src/repository.ts,untracked,X non-R0-product-surface,exclude,separate product surface is not part of industrial recovery slices,EXCLUDED,path_and_boundary_reviewed
dropin-earth/apps/dropin-desktop/src/shell.ts,untracked,X non-R0-product-surface,exclude,separate product surface is not part of industrial recovery slices,EXCLUDED,path_and_boundary_reviewed
dropin-earth/apps/dropin-desktop/tsconfig.json,untracked,X non-R0-product-surface,exclude,separate product surface is not part of industrial recovery slices,EXCLUDED,path_and_boundary_reviewed
dropin-earth/apps/miniapp-ton-expo/app.json,untracked,X non-R0-product-surface,exclude,separate product surface is not part of industrial recovery slices,EXCLUDED,path_and_boundary_reviewed
dropin-earth/apps/miniapp-ton-expo/App.tsx,untracked,X non-R0-product-surface,exclude,separate product surface is not part of industrial recovery slices,EXCLUDED,path_and_boundary_reviewed
dropin-earth/apps/miniapp-ton-expo/package.json,untracked,X non-R0-product-surface,exclude,separate product surface is not part of industrial recovery slices,EXCLUDED,path_and_boundary_reviewed
dropin-earth/apps/miniapp-ton-expo/src/components/Dashboard/Dashboard.tsx,untracked,X non-R0-product-surface,exclude,separate product surface is not part of industrial recovery slices,EXCLUDED,path_and_boundary_reviewed
dropin-earth/apps/miniapp-ton-expo/src/components/Dashboard/DashboardReportPanel.tsx,untracked,X non-R0-product-surface,exclude,separate product surface is not part of industrial recovery slices,EXCLUDED,path_and_boundary_reviewed
dropin-earth/apps/miniapp-ton-expo/src/components/Dashboard/DashboardTopNav.tsx,untracked,X non-R0-product-surface,exclude,separate product surface is not part of industrial recovery slices,EXCLUDED,path_and_boundary_reviewed
dropin-earth/apps/miniapp-ton-expo/src/components/Dashboard/HITLPanel.tsx,untracked,X non-R0-product-surface,exclude,separate product surface is not part of industrial recovery slices,EXCLUDED,path_and_boundary_reviewed
dropin-earth/apps/miniapp-ton-expo/src/components/Dashboard/index.ts,untracked,X non-R0-product-surface,exclude,separate product surface is not part of industrial recovery slices,EXCLUDED,path_and_boundary_reviewed
dropin-earth/apps/miniapp-ton-expo/src/components/Dashboard/LeafPointsDashboard.tsx,untracked,X non-R0-product-surface,exclude,separate product surface is not part of industrial recovery slices,EXCLUDED,path_and_boundary_reviewed
dropin-earth/apps/miniapp-ton-expo/src/components/Dashboard/MapHeatmap.tsx,untracked,X non-R0-product-surface,exclude,separate product surface is not part of industrial recovery slices,EXCLUDED,path_and_boundary_reviewed
dropin-earth/apps/miniapp-ton-expo/src/components/Dashboard/NodeInfoPanel.tsx,untracked,X non-R0-product-surface,exclude,separate product surface is not part of industrial recovery slices,EXCLUDED,path_and_boundary_reviewed
dropin-earth/apps/miniapp-ton-expo/src/components/Dashboard/PoCCEventList.tsx,untracked,X non-R0-product-surface,exclude,separate product surface is not part of industrial recovery slices,EXCLUDED,path_and_boundary_reviewed
dropin-earth/apps/miniapp-ton-expo/src/components/Dashboard/types.ts,untracked,X non-R0-product-surface,exclude,separate product surface is not part of industrial recovery slices,EXCLUDED,path_and_boundary_reviewed
dropin-earth/apps/miniapp-ton-expo/src/components/Earth3DScene.tsx,untracked,X non-R0-product-surface,exclude,separate product surface is not part of industrial recovery slices,EXCLUDED,path_and_boundary_reviewed
dropin-earth/apps/miniapp-ton-expo/src/components/HeatmapLayer.tsx,untracked,X non-R0-product-surface,exclude,separate product surface is not part of industrial recovery slices,EXCLUDED,path_and_boundary_reviewed
dropin-earth/apps/miniapp-ton-expo/src/components/OverlayPanels.tsx,untracked,X non-R0-product-surface,exclude,separate product surface is not part of industrial recovery slices,EXCLUDED,path_and_boundary_reviewed
dropin-earth/apps/miniapp-ton-expo/src/hooks/seed.ts,untracked,X non-R0-product-surface,exclude,separate product surface is not part of industrial recovery slices,EXCLUDED,path_and_boundary_reviewed
dropin-earth/apps/miniapp-ton-expo/src/hooks/useHITL.ts,untracked,X non-R0-product-surface,exclude,separate product surface is not part of industrial recovery slices,EXCLUDED,path_and_boundary_reviewed
dropin-earth/apps/miniapp-ton-expo/src/hooks/useLeafPoints.ts,untracked,X non-R0-product-surface,exclude,separate product surface is not part of industrial recovery slices,EXCLUDED,path_and_boundary_reviewed
dropin-earth/apps/miniapp-ton-expo/src/hooks/usePoCCEvent.ts,untracked,X non-R0-product-surface,exclude,separate product surface is not part of industrial recovery slices,EXCLUDED,path_and_boundary_reviewed
dropin-earth/apps/miniapp-ton-expo/src/screens/CampaignScreen.tsx,untracked,X non-R0-product-surface,exclude,separate product surface is not part of industrial recovery slices,EXCLUDED,path_and_boundary_reviewed
dropin-earth/apps/miniapp-ton-expo/src/screens/DashboardScreen.tsx,untracked,X non-R0-product-surface,exclude,separate product surface is not part of industrial recovery slices,EXCLUDED,path_and_boundary_reviewed
dropin-earth/apps/miniapp-ton-expo/src/screens/RoundScreen.tsx,untracked,X non-R0-product-surface,exclude,separate product surface is not part of industrial recovery slices,EXCLUDED,path_and_boundary_reviewed
dropin-earth/apps/miniapp-ton-expo/tsconfig.json,untracked,X non-R0-product-surface,exclude,separate product surface is not part of industrial recovery slices,EXCLUDED,path_and_boundary_reviewed
dropin-earth/apps/miniapp-ton/expo/api/miniappApi.ts,untracked,X non-R0-product-surface,exclude,separate product surface is not part of industrial recovery slices,EXCLUDED,path_and_boundary_reviewed
dropin-earth/apps/miniapp-ton/expo/App.tsx,untracked,X non-R0-product-surface,exclude,separate product surface is not part of industrial recovery slices,EXCLUDED,path_and_boundary_reviewed
dropin-earth/apps/miniapp-ton/expo/components/Dashboard.tsx,untracked,X non-R0-product-surface,exclude,separate product surface is not part of industrial recovery slices,EXCLUDED,path_and_boundary_reviewed
dropin-earth/apps/miniapp-ton/expo/components/MiniDashboard.tsx,untracked,X non-R0-product-surface,exclude,separate product surface is not part of industrial recovery slices,EXCLUDED,path_and_boundary_reviewed
dropin-earth/apps/miniapp-ton/expo/components/MiniHITLPanel.tsx,untracked,X non-R0-product-surface,exclude,separate product surface is not part of industrial recovery slices,EXCLUDED,path_and_boundary_reviewed
dropin-earth/apps/miniapp-ton/expo/components/MiniLeafPointsPanel.tsx,untracked,X non-R0-product-surface,exclude,separate product surface is not part of industrial recovery slices,EXCLUDED,path_and_boundary_reviewed
dropin-earth/apps/miniapp-ton/expo/components/MiniMilestonePanel.tsx,untracked,X non-R0-product-surface,exclude,separate product surface is not part of industrial recovery slices,EXCLUDED,path_and_boundary_reviewed
dropin-earth/apps/miniapp-ton/expo/components/MiniNodeInfoPanel.tsx,untracked,X non-R0-product-surface,exclude,separate product surface is not part of industrial recovery slices,EXCLUDED,path_and_boundary_reviewed
dropin-earth/apps/miniapp-ton/expo/components/MiniPoCCEventList.tsx,untracked,X non-R0-product-surface,exclude,separate product surface is not part of industrial recovery slices,EXCLUDED,path_and_boundary_reviewed
dropin-earth/apps/miniapp-ton/expo/components/NodeInfoPanel.tsx,untracked,X non-R0-product-surface,exclude,separate product surface is not part of industrial recovery slices,EXCLUDED,path_and_boundary_reviewed
dropin-earth/apps/miniapp-ton/expo/hooks/usePoCCAHIN.ts,untracked,X non-R0-product-surface,exclude,separate product surface is not part of industrial recovery slices,EXCLUDED,path_and_boundary_reviewed
dropin-earth/apps/miniapp-ton/expo/screens/DashboardScreen.tsx,untracked,X non-R0-product-surface,exclude,separate product surface is not part of industrial recovery slices,EXCLUDED,path_and_boundary_reviewed
dropin-earth/apps/miniapp-ton/next.config.mjs,tracked_modified,X non-R0-product-surface,exclude,separate product surface is not part of industrial recovery slices,EXCLUDED,path_and_boundary_reviewed
dropin-earth/apps/miniapp-ton/src/api/miniappApi.ts,untracked,X non-R0-product-surface,exclude,separate product surface is not part of industrial recovery slices,EXCLUDED,path_and_boundary_reviewed
dropin-earth/apps/miniapp-ton/src/app/campaign/[campaignId]/page.tsx,tracked_modified,X non-R0-product-surface,exclude,separate product surface is not part of industrial recovery slices,EXCLUDED,path_and_boundary_reviewed
dropin-earth/apps/miniapp-ton/src/app/dashboard/page.tsx,untracked,X non-R0-product-surface,exclude,separate product surface is not part of industrial recovery slices,EXCLUDED,path_and_boundary_reviewed
dropin-earth/apps/miniapp-ton/src/app/demo/page.tsx,untracked,X non-R0-product-surface,exclude,separate product surface is not part of industrial recovery slices,EXCLUDED,path_and_boundary_reviewed
dropin-earth/apps/miniapp-ton/src/app/global-e2e/page.tsx,untracked,X non-R0-product-surface,exclude,separate product surface is not part of industrial recovery slices,EXCLUDED,path_and_boundary_reviewed
dropin-earth/apps/miniapp-ton/src/app/globals.css,tracked_modified,X non-R0-product-surface,exclude,separate product surface is not part of industrial recovery slices,EXCLUDED,path_and_boundary_reviewed
dropin-earth/apps/miniapp-ton/src/app/layout.tsx,tracked_modified,X non-R0-product-surface,exclude,separate product surface is not part of industrial recovery slices,EXCLUDED,path_and_boundary_reviewed
dropin-earth/apps/miniapp-ton/src/app/me/forest/page.tsx,tracked_modified,X non-R0-product-surface,exclude,separate product surface is not part of industrial recovery slices,EXCLUDED,path_and_boundary_reviewed
dropin-earth/apps/miniapp-ton/src/app/page.tsx,tracked_modified,X non-R0-product-surface,exclude,separate product surface is not part of industrial recovery slices,EXCLUDED,path_and_boundary_reviewed
dropin-earth/apps/miniapp-ton/src/app/round/[roundId]/page.tsx,tracked_modified,X non-R0-product-surface,exclude,separate product surface is not part of industrial recovery slices,EXCLUDED,path_and_boundary_reviewed
dropin-earth/apps/miniapp-ton/src/app/share/[ticketId]/share-card-client.tsx,tracked_modified,X non-R0-product-surface,exclude,separate product surface is not part of industrial recovery slices,EXCLUDED,path_and_boundary_reviewed
dropin-earth/apps/miniapp-ton/src/components/Dashboard.tsx,untracked,X non-R0-product-surface,exclude,separate product surface is not part of industrial recovery slices,EXCLUDED,path_and_boundary_reviewed
dropin-earth/apps/miniapp-ton/src/components/NodeInfoPanel.tsx,untracked,X non-R0-product-surface,exclude,separate product surface is not part of industrial recovery slices,EXCLUDED,path_and_boundary_reviewed
dropin-earth/apps/miniapp-ton/src/components/ui/index.ts,tracked_modified,X non-R0-product-surface,exclude,separate product surface is not part of industrial recovery slices,EXCLUDED,path_and_boundary_reviewed
dropin-earth/apps/miniapp-ton/src/components/ui/MiniCTAButton.module.css,tracked_modified,X non-R0-product-surface,exclude,separate product surface is not part of industrial recovery slices,EXCLUDED,path_and_boundary_reviewed
dropin-earth/apps/miniapp-ton/src/components/ui/MiniCTAButton.tsx,tracked_modified,X non-R0-product-surface,exclude,separate product surface is not part of industrial recovery slices,EXCLUDED,path_and_boundary_reviewed
dropin-earth/apps/miniapp-ton/src/components/ui/MiniGlobalMap.tsx,untracked,X non-R0-product-surface,exclude,separate product surface is not part of industrial recovery slices,EXCLUDED,path_and_boundary_reviewed
dropin-earth/apps/miniapp-ton/src/components/ui/MiniHeroEarthOrb.module.css,tracked_modified,X non-R0-product-surface,exclude,separate product surface is not part of industrial recovery slices,EXCLUDED,path_and_boundary_reviewed
dropin-earth/apps/miniapp-ton/src/components/ui/MiniHeroEarthOrb.tsx,tracked_modified,X non-R0-product-surface,exclude,separate product surface is not part of industrial recovery slices,EXCLUDED,path_and_boundary_reviewed
dropin-earth/apps/miniapp-ton/src/components/ui/MiniLeaderboard.tsx,untracked,X non-R0-product-surface,exclude,separate product surface is not part of industrial recovery slices,EXCLUDED,path_and_boundary_reviewed
dropin-earth/apps/miniapp-ton/src/components/ui/MiniLeafPointsDashboard.tsx,untracked,X non-R0-product-surface,exclude,separate product surface is not part of industrial recovery slices,EXCLUDED,path_and_boundary_reviewed
dropin-earth/apps/miniapp-ton/src/components/ui/MiniMetricsCard.module.css,tracked_modified,X non-R0-product-surface,exclude,separate product surface is not part of industrial recovery slices,EXCLUDED,path_and_boundary_reviewed
dropin-earth/apps/miniapp-ton/src/components/ui/MiniMetricsCard.tsx,tracked_modified,X non-R0-product-surface,exclude,separate product surface is not part of industrial recovery slices,EXCLUDED,path_and_boundary_reviewed
dropin-earth/apps/miniapp-ton/src/components/ui/MiniRoundEconomicsCard.tsx,tracked_modified,X non-R0-product-surface,exclude,separate product surface is not part of industrial recovery slices,EXCLUDED,path_and_boundary_reviewed
dropin-earth/apps/miniapp-ton/src/components/ui/MiniUxInteractionCollector.tsx,untracked,X non-R0-product-surface,exclude,separate product surface is not part of industrial recovery slices,EXCLUDED,path_and_boundary_reviewed
dropin-earth/apps/miniapp-ton/src/hooks/useMiniLeafPoints.ts,untracked,X non-R0-product-surface,exclude,separate product surface is not part of industrial recovery slices,EXCLUDED,path_and_boundary_reviewed
dropin-earth/apps/miniapp-ton/src/hooks/useMiniPaymentIntent.ts,untracked,X non-R0-product-surface,exclude,separate product surface is not part of industrial recovery slices,EXCLUDED,path_and_boundary_reviewed
dropin-earth/apps/miniapp-ton/src/hooks/useMiniPoCC.ts,untracked,X non-R0-product-surface,exclude,separate product surface is not part of industrial recovery slices,EXCLUDED,path_and_boundary_reviewed
dropin-earth/apps/miniapp-ton/src/hooks/useMiniProofTimeline.ts,untracked,X non-R0-product-surface,exclude,separate product surface is not part of industrial recovery slices,EXCLUDED,path_and_boundary_reviewed
dropin-earth/apps/miniapp-ton/src/hooks/useMiniTicketSeed.ts,untracked,X non-R0-product-surface,exclude,separate product surface is not part of industrial recovery slices,EXCLUDED,path_and_boundary_reviewed
dropin-earth/apps/miniapp-ton/src/hooks/usePoCCAHIN.ts,untracked,X non-R0-product-surface,exclude,separate product surface is not part of industrial recovery slices,EXCLUDED,path_and_boundary_reviewed
dropin-earth/apps/miniapp-ton/src/lib/api.ts,tracked_modified,X non-R0-product-surface,exclude,separate product surface is not part of industrial recovery slices,EXCLUDED,path_and_boundary_reviewed
dropin-earth/apps/miniapp-ton/src/lib/ux-experiments.ts,untracked,X non-R0-product-surface,exclude,separate product surface is not part of industrial recovery slices,EXCLUDED,path_and_boundary_reviewed
dropin-earth/apps/miniapp-ton/src/screens/DashboardScreen.tsx,untracked,X non-R0-product-surface,exclude,separate product surface is not part of industrial recovery slices,EXCLUDED,path_and_boundary_reviewed
dropin-earth/apps/web/.wrangler/state/v3/cache/miniflare-CacheObject/metadata.sqlite,untracked,X generated-artifact,exclude,"generated build, runtime, test, or cache output",EXCLUDED,path_and_boundary_reviewed
dropin-earth/apps/web/.wrangler/state/v3/cache/miniflare-CacheObject/metadata.sqlite-shm,untracked,X generated-artifact,exclude,"generated build, runtime, test, or cache output",EXCLUDED,path_and_boundary_reviewed
dropin-earth/apps/web/.wrangler/state/v3/cache/miniflare-CacheObject/metadata.sqlite-wal,untracked,X generated-artifact,exclude,"generated build, runtime, test, or cache output",EXCLUDED,path_and_boundary_reviewed
dropin-earth/apps/web/next.config.mjs,tracked_modified,I validation-coverage,include,OpenNext and web build integration,PENDING_I_VALIDATION_COVERAGE,pending_clean_replay
dropin-earth/apps/web/open-next.config.ts,tracked_modified,I validation-coverage,include,OpenNext and web build integration,PENDING_I_VALIDATION_COVERAGE,pending_clean_replay
dropin-earth/apps/web/package.json,tracked_modified,S shared-build-plumbing,include,shared manifest must evolve minimally with each independently validated authority slice,PENDING_S_SHARED_BUILD_PLUMBING,pending_clean_replay
dropin-earth/apps/web/postcss.config.mjs,tracked_modified,I validation-coverage,include,OpenNext and web build integration,PENDING_I_VALIDATION_COVERAGE,pending_clean_replay
dropin-earth/apps/web/scripts/clean-opennext-build.mjs,untracked,I validation-coverage,include,OpenNext and web build integration,PENDING_I_VALIDATION_COVERAGE,pending_clean_replay
dropin-earth/apps/web/src/app/about/page.tsx,tracked_modified,X non-R0-product-surface,exclude,web path is not one of the approved institutional surfaces,EXCLUDED,path_and_boundary_reviewed
dropin-earth/apps/web/src/app/admin/green-draw/page.tsx,untracked,X non-R0-product-surface,exclude,web path is not one of the approved institutional surfaces,EXCLUDED,path_and_boundary_reviewed
dropin-earth/apps/web/src/app/campaigns/[campaignId]/page.tsx,tracked_modified,X non-R0-product-surface,exclude,web path is not one of the approved institutional surfaces,EXCLUDED,path_and_boundary_reviewed
dropin-earth/apps/web/src/app/campaigns/page.tsx,tracked_modified,X non-R0-product-surface,exclude,web path is not one of the approved institutional surfaces,EXCLUDED,path_and_boundary_reviewed
dropin-earth/apps/web/src/app/challenges/page.tsx,tracked_modified,X non-R0-product-surface,exclude,web path is not one of the approved institutional surfaces,EXCLUDED,path_and_boundary_reviewed
dropin-earth/apps/web/src/app/dashboard/global/page.tsx,untracked,C global-command-center,include,privacy-minimized global command center authority,PENDING_C_GLOBAL_COMMAND_CENTER,pending_clean_replay
dropin-earth/apps/web/src/app/dashboard/page.tsx,untracked,X non-R0-product-surface,exclude,web path is not one of the approved institutional surfaces,EXCLUDED,path_and_boundary_reviewed
dropin-earth/apps/web/src/app/demo/page.tsx,untracked,X non-R0-product-surface,exclude,web path is not one of the approved institutional surfaces,EXCLUDED,path_and_boundary_reviewed
dropin-earth/apps/web/src/app/draw/page.tsx,tracked_modified,X non-R0-product-surface,exclude,web path is not one of the approved institutional surfaces,EXCLUDED,path_and_boundary_reviewed
dropin-earth/apps/web/src/app/explorer/page.tsx,untracked,C global-command-center,include,privacy-minimized global command center authority,PENDING_C_GLOBAL_COMMAND_CENTER,pending_clean_replay
dropin-earth/apps/web/src/app/explorer/project/[publicProjectId]/page.tsx,untracked,C global-command-center,include,privacy-minimized global command center authority,PENDING_C_GLOBAL_COMMAND_CENTER,pending_clean_replay
dropin-earth/apps/web/src/app/faq/page.tsx,tracked_modified,X non-R0-product-surface,exclude,web path is not one of the approved institutional surfaces,EXCLUDED,path_and_boundary_reviewed
dropin-earth/apps/web/src/app/fund/page.tsx,tracked_modified,X non-R0-product-surface,exclude,web path is not one of the approved institutional surfaces,EXCLUDED,path_and_boundary_reviewed
dropin-earth/apps/web/src/app/funding/page.tsx,untracked,I validation-coverage,include,"cross-authority institutional UI composes trust, evidence, and mobile slices and belongs in final integration",PENDING_I_VALIDATION_COVERAGE,pending_clean_replay
dropin-earth/apps/web/src/app/global-e2e/page.tsx,untracked,X non-R0-product-surface,exclude,web path is not one of the approved institutional surfaces,EXCLUDED,path_and_boundary_reviewed
dropin-earth/apps/web/src/app/globals.css,tracked_modified,X non-R0-product-surface,exclude,web path is not one of the approved institutional surfaces,EXCLUDED,path_and_boundary_reviewed
dropin-earth/apps/web/src/app/governance/page.tsx,untracked,I validation-coverage,include,"cross-authority institutional UI composes trust, evidence, and mobile slices and belongs in final integration",PENDING_I_VALIDATION_COVERAGE,pending_clean_replay
dropin-earth/apps/web/src/app/green-draw/[drawId]/page.tsx,untracked,X non-R0-product-surface,exclude,web path is not one of the approved institutional surfaces,EXCLUDED,path_and_boundary_reviewed
dropin-earth/apps/web/src/app/green-draw/[drawId]/purchase/page.tsx,untracked,X non-R0-product-surface,exclude,web path is not one of the approved institutional surfaces,EXCLUDED,path_and_boundary_reviewed
dropin-earth/apps/web/src/app/green-draw/[drawId]/result/page.tsx,untracked,X non-R0-product-surface,exclude,web path is not one of the approved institutional surfaces,EXCLUDED,path_and_boundary_reviewed
dropin-earth/apps/web/src/app/green-draw/page.tsx,untracked,X non-R0-product-surface,exclude,web path is not one of the approved institutional surfaces,EXCLUDED,path_and_boundary_reviewed
dropin-earth/apps/web/src/app/lottery/[roundId]/page.tsx,tracked_modified,X non-R0-product-surface,exclude,web path is not one of the approved institutional surfaces,EXCLUDED,path_and_boundary_reviewed
dropin-earth/apps/web/src/app/mobile/report/page.tsx,untracked,I validation-coverage,include,"cross-authority institutional UI composes trust, evidence, and mobile slices and belongs in final integration",PENDING_I_VALIDATION_COVERAGE,pending_clean_replay
dropin-earth/apps/web/src/app/my-tickets/page.tsx,untracked,X non-R0-product-surface,exclude,web path is not one of the approved institutional surfaces,EXCLUDED,path_and_boundary_reviewed
dropin-earth/apps/web/src/app/page.tsx,tracked_modified,X non-R0-product-surface,exclude,web path is not one of the approved institutional surfaces,EXCLUDED,path_and_boundary_reviewed
dropin-earth/apps/web/src/app/partners/page.tsx,untracked,I validation-coverage,include,"cross-authority institutional UI composes trust, evidence, and mobile slices and belongs in final integration",PENDING_I_VALIDATION_COVERAGE,pending_clean_replay
dropin-earth/apps/web/src/app/payments/[paymentIntentId]/page.tsx,tracked_modified,X non-R0-product-surface,exclude,web path is not one of the approved institutional surfaces,EXCLUDED,path_and_boundary_reviewed
dropin-earth/apps/web/src/app/planting-funds/page.tsx,untracked,X non-R0-product-surface,exclude,web path is not one of the approved institutional surfaces,EXCLUDED,path_and_boundary_reviewed
dropin-earth/apps/web/src/app/projects/page.tsx,tracked_modified,X non-R0-product-surface,exclude,web path is not one of the approved institutional surfaces,EXCLUDED,path_and_boundary_reviewed
dropin-earth/apps/web/src/app/red-team/page.tsx,tracked_modified,X non-R0-product-surface,exclude,web path is not one of the approved institutional surfaces,EXCLUDED,path_and_boundary_reviewed
dropin-earth/apps/web/src/app/risk/page.tsx,untracked,I validation-coverage,include,"cross-authority institutional UI composes trust, evidence, and mobile slices and belongs in final integration",PENDING_I_VALIDATION_COVERAGE,pending_clean_replay
dropin-earth/apps/web/src/app/robots.ts,untracked,I validation-coverage,include,OpenNext and web build integration,PENDING_I_VALIDATION_COVERAGE,pending_clean_replay
dropin-earth/apps/web/src/app/status/page.tsx,tracked_modified,X non-R0-product-surface,exclude,web path is not one of the approved institutional surfaces,EXCLUDED,path_and_boundary_reviewed
dropin-earth/apps/web/src/app/terra/page.tsx,untracked,I validation-coverage,include,"cross-authority institutional UI composes trust, evidence, and mobile slices and belongs in final integration",PENDING_I_VALIDATION_COVERAGE,pending_clean_replay
dropin-earth/apps/web/src/components/canopyproof-os/CanopyProofOSPage.tsx,untracked,I validation-coverage,include,"cross-authority institutional UI composes trust, evidence, and mobile slices and belongs in final integration",PENDING_I_VALIDATION_COVERAGE,pending_clean_replay
dropin-earth/apps/web/src/components/canopyproof-os/GlobalImpactCommandCenter.tsx,untracked,C global-command-center,include,authority code or validation owned by its dependency-complete subsystem,PENDING_C_GLOBAL_COMMAND_CENTER,pending_clean_replay
dropin-earth/apps/web/src/components/canopyproof-os/GlobalImpactEarth.tsx,untracked,C global-command-center,include,authority code or validation owned by its dependency-complete subsystem,PENDING_C_GLOBAL_COMMAND_CENTER,pending_clean_replay
dropin-earth/apps/web/src/components/canopyproof-os/GlobalImpactEarthLoader.tsx,untracked,C global-command-center,include,authority code or validation owned by its dependency-complete subsystem,PENDING_C_GLOBAL_COMMAND_CENTER,pending_clean_replay
dropin-earth/apps/web/src/components/canopyproof-os/MobileEvidenceDraftQueue.tsx,untracked,D mobile-evidence-vault,include,authority code or validation owned by its dependency-complete subsystem,PENDING_D_MOBILE_EVIDENCE_VAULT,pending_clean_replay
dropin-earth/apps/web/src/components/canopyproof-os/NasaGibsEarthObservation.tsx,untracked,G evidence-orchestration,include,authority code or validation owned by its dependency-complete subsystem,PENDING_G_EVIDENCE_ORCHESTRATION,pending_clean_replay
dropin-earth/apps/web/src/components/canopyproof-os/NasaGibsViewerLoader.tsx,untracked,G evidence-orchestration,include,authority code or validation owned by its dependency-complete subsystem,PENDING_G_EVIDENCE_ORCHESTRATION,pending_clean_replay
dropin-earth/apps/web/src/components/canopyproof/CanopyProofLanding.tsx,tracked_modified,X non-R0-product-surface,exclude,web path is not one of the approved institutional surfaces,EXCLUDED,path_and_boundary_reviewed
dropin-earth/apps/web/src/components/canopyproof/PublicExplorer.tsx,untracked,C global-command-center,include,authority code or validation owned by its dependency-complete subsystem,PENDING_C_GLOBAL_COMMAND_CENTER,pending_clean_replay
dropin-earth/apps/web/src/components/Dashboard.tsx,untracked,X non-R0-product-surface,exclude,web path is not one of the approved institutional surfaces,EXCLUDED,path_and_boundary_reviewed
dropin-earth/apps/web/src/components/DashboardReportPanel.tsx,untracked,X non-R0-product-surface,exclude,web path is not one of the approved institutional surfaces,EXCLUDED,path_and_boundary_reviewed
dropin-earth/apps/web/src/components/DashboardTopNav.tsx,untracked,X non-R0-product-surface,exclude,web path is not one of the approved institutional surfaces,EXCLUDED,path_and_boundary_reviewed
dropin-earth/apps/web/src/components/DashboardTypes.ts,untracked,X non-R0-product-surface,exclude,web path is not one of the approved institutional surfaces,EXCLUDED,path_and_boundary_reviewed
dropin-earth/apps/web/src/components/dropin-dashboard/Dashboard.tsx,untracked,X non-R0-product-surface,exclude,web path is not one of the approved institutional surfaces,EXCLUDED,path_and_boundary_reviewed
dropin-earth/apps/web/src/components/dropin-dashboard/DashboardReportPanel.tsx,untracked,X non-R0-product-surface,exclude,web path is not one of the approved institutional surfaces,EXCLUDED,path_and_boundary_reviewed
dropin-earth/apps/web/src/components/dropin-dashboard/DashboardTopNav.tsx,untracked,X non-R0-product-surface,exclude,web path is not one of the approved institutional surfaces,EXCLUDED,path_and_boundary_reviewed
dropin-earth/apps/web/src/components/dropin-dashboard/HITLPanel.tsx,untracked,X non-R0-product-surface,exclude,web path is not one of the approved institutional surfaces,EXCLUDED,path_and_boundary_reviewed
dropin-earth/apps/web/src/components/dropin-dashboard/index.ts,untracked,X non-R0-product-surface,exclude,web path is not one of the approved institutional surfaces,EXCLUDED,path_and_boundary_reviewed
dropin-earth/apps/web/src/components/dropin-dashboard/LeafPointsDashboard.tsx,untracked,X non-R0-product-surface,exclude,web path is not one of the approved institutional surfaces,EXCLUDED,path_and_boundary_reviewed
dropin-earth/apps/web/src/components/dropin-dashboard/MapHeatmap.tsx,untracked,X non-R0-product-surface,exclude,web path is not one of the approved institutional surfaces,EXCLUDED,path_and_boundary_reviewed
dropin-earth/apps/web/src/components/dropin-dashboard/MilestoneTimeline.tsx,untracked,X non-R0-product-surface,exclude,web path is not one of the approved institutional surfaces,EXCLUDED,path_and_boundary_reviewed
dropin-earth/apps/web/src/components/dropin-dashboard/NodeInfoPanel.tsx,untracked,X non-R0-product-surface,exclude,web path is not one of the approved institutional surfaces,EXCLUDED,path_and_boundary_reviewed
dropin-earth/apps/web/src/components/dropin-dashboard/planetary.ts,untracked,X non-R0-product-surface,exclude,web path is not one of the approved institutional surfaces,EXCLUDED,path_and_boundary_reviewed
dropin-earth/apps/web/src/components/dropin-dashboard/PlanetaryEarthScene.tsx,untracked,X non-R0-product-surface,exclude,web path is not one of the approved institutional surfaces,EXCLUDED,path_and_boundary_reviewed
dropin-earth/apps/web/src/components/dropin-dashboard/PoCCEventList.tsx,untracked,X non-R0-product-surface,exclude,web path is not one of the approved institutional surfaces,EXCLUDED,path_and_boundary_reviewed
dropin-earth/apps/web/src/components/dropin-dashboard/types.ts,untracked,X non-R0-product-surface,exclude,web path is not one of the approved institutional surfaces,EXCLUDED,path_and_boundary_reviewed
dropin-earth/apps/web/src/components/Earth3DScene.tsx,untracked,X non-R0-product-surface,exclude,web path is not one of the approved institutional surfaces,EXCLUDED,path_and_boundary_reviewed
dropin-earth/apps/web/src/components/HeatmapLayer.tsx,untracked,X non-R0-product-surface,exclude,web path is not one of the approved institutional surfaces,EXCLUDED,path_and_boundary_reviewed
dropin-earth/apps/web/src/components/HITLPanel.tsx,untracked,X non-R0-product-surface,exclude,web path is not one of the approved institutional surfaces,EXCLUDED,path_and_boundary_reviewed
dropin-earth/apps/web/src/components/LeafPointsDashboard.tsx,untracked,X non-R0-product-surface,exclude,web path is not one of the approved institutional surfaces,EXCLUDED,path_and_boundary_reviewed
dropin-earth/apps/web/src/components/MapHeatmap.tsx,untracked,X non-R0-product-surface,exclude,web path is not one of the approved institutional surfaces,EXCLUDED,path_and_boundary_reviewed
dropin-earth/apps/web/src/components/MilestoneTimeline.tsx,untracked,X non-R0-product-surface,exclude,web path is not one of the approved institutional surfaces,EXCLUDED,path_and_boundary_reviewed
dropin-earth/apps/web/src/components/NodeInfoModal.tsx,untracked,X non-R0-product-surface,exclude,web path is not one of the approved institutional surfaces,EXCLUDED,path_and_boundary_reviewed
dropin-earth/apps/web/src/components/NodeMarker.tsx,untracked,X non-R0-product-surface,exclude,web path is not one of the approved institutional surfaces,EXCLUDED,path_and_boundary_reviewed
dropin-earth/apps/web/src/components/OverlayPanels.tsx,untracked,X non-R0-product-surface,exclude,web path is not one of the approved institutional surfaces,EXCLUDED,path_and_boundary_reviewed
dropin-earth/apps/web/src/components/PoCCEventList.tsx,untracked,X non-R0-product-surface,exclude,web path is not one of the approved institutional surfaces,EXCLUDED,path_and_boundary_reviewed
dropin-earth/apps/web/src/data/canopyproof-os.ts,untracked,I validation-coverage,include,"cross-authority institutional UI composes trust, evidence, and mobile slices and belongs in final integration",PENDING_I_VALIDATION_COVERAGE,pending_clean_replay
dropin-earth/apps/web/src/data/seed-production.json,untracked,X non-R0-product-surface,exclude,web path is not one of the approved institutional surfaces,EXCLUDED,path_and_boundary_reviewed
dropin-earth/apps/web/src/data/seed-testnet.json,untracked,X non-R0-product-surface,exclude,web path is not one of the approved institutional surfaces,EXCLUDED,path_and_boundary_reviewed
dropin-earth/apps/web/src/data/siteContent.ts,tracked_modified,X non-R0-product-surface,exclude,web path is not one of the approved institutional surfaces,EXCLUDED,path_and_boundary_reviewed
dropin-earth/apps/web/src/features/green-draw/components.tsx,untracked,X non-R0-product-surface,exclude,web path is not one of the approved institutional surfaces,EXCLUDED,path_and_boundary_reviewed
dropin-earth/apps/web/src/features/green-draw/hooks.ts,untracked,X non-R0-product-surface,exclude,web path is not one of the approved institutional surfaces,EXCLUDED,path_and_boundary_reviewed
dropin-earth/apps/web/src/features/green-draw/repository.ts,untracked,X non-R0-product-surface,exclude,web path is not one of the approved institutional surfaces,EXCLUDED,path_and_boundary_reviewed
dropin-earth/apps/web/src/features/green-draw/seed.ts,untracked,X non-R0-product-surface,exclude,web path is not one of the approved institutional surfaces,EXCLUDED,path_and_boundary_reviewed
dropin-earth/apps/web/src/features/green-draw/service.ts,untracked,X non-R0-product-surface,exclude,web path is not one of the approved institutional surfaces,EXCLUDED,path_and_boundary_reviewed
dropin-earth/apps/web/src/features/green-draw/types.ts,untracked,X non-R0-product-surface,exclude,web path is not one of the approved institutional surfaces,EXCLUDED,path_and_boundary_reviewed
dropin-earth/apps/web/src/features/green-draw/views.tsx,untracked,X non-R0-product-surface,exclude,web path is not one of the approved institutional surfaces,EXCLUDED,path_and_boundary_reviewed
dropin-earth/apps/web/src/hooks/useDashboardLeafPoints.ts,untracked,X non-R0-product-surface,exclude,web path is not one of the approved institutional surfaces,EXCLUDED,path_and_boundary_reviewed
dropin-earth/apps/web/src/hooks/useDashboardPoCC.ts,untracked,X non-R0-product-surface,exclude,web path is not one of the approved institutional surfaces,EXCLUDED,path_and_boundary_reviewed
dropin-earth/apps/web/src/hooks/useLeafPoints.ts,untracked,X non-R0-product-surface,exclude,web path is not one of the approved institutional surfaces,EXCLUDED,path_and_boundary_reviewed
dropin-earth/apps/web/src/hooks/useMilestones.ts,untracked,X non-R0-product-surface,exclude,web path is not one of the approved institutional surfaces,EXCLUDED,path_and_boundary_reviewed
dropin-earth/apps/web/src/hooks/usePaymentIntent.ts,untracked,X non-R0-product-surface,exclude,web path is not one of the approved institutional surfaces,EXCLUDED,path_and_boundary_reviewed
dropin-earth/apps/web/src/hooks/usePoCC.ts,untracked,X non-R0-product-surface,exclude,web path is not one of the approved institutional surfaces,EXCLUDED,path_and_boundary_reviewed
dropin-earth/apps/web/src/hooks/useProofTimeline.ts,untracked,X non-R0-product-surface,exclude,web path is not one of the approved institutional surfaces,EXCLUDED,path_and_boundary_reviewed
dropin-earth/apps/web/src/hooks/useTicketSeed.ts,untracked,X non-R0-product-surface,exclude,web path is not one of the approved institutional surfaces,EXCLUDED,path_and_boundary_reviewed
dropin-earth/apps/web/src/lib/api.ts,tracked_modified,X mixed-legacy-product-entrypoint,exclude,tracked file mixes approved CanopyProof work with unrelated Phase 16 product or deployment code; retain committed base,EXCLUDED,path_and_boundary_reviewed
dropin-earth/apps/web/src/lib/canopyproof-global-command-center-earth.ts,untracked,C global-command-center,include,privacy-minimized global command center authority,PENDING_C_GLOBAL_COMMAND_CENTER,pending_clean_replay
dropin-earth/apps/web/src/lib/canopyproof-global-command-center.ts,untracked,C global-command-center,include,privacy-minimized global command center authority,PENDING_C_GLOBAL_COMMAND_CENTER,pending_clean_replay
dropin-earth/apps/web/src/lib/canopyproof-mobile-evidence-indexeddb.ts,untracked,D mobile-evidence-vault,include,encrypted offline evidence vault,PENDING_D_MOBILE_EVIDENCE_VAULT,pending_clean_replay
dropin-earth/apps/web/src/lib/canopyproof-mobile-evidence-sync.ts,untracked,E mobile-sync-authority,include,governed mobile sync and current-authority admission,PENDING_E_MOBILE_SYNC_AUTHORITY,pending_clean_replay
dropin-earth/apps/web/src/lib/canopyproof-mobile-evidence-vault.ts,untracked,D mobile-evidence-vault,include,encrypted offline evidence vault,PENDING_D_MOBILE_EVIDENCE_VAULT,pending_clean_replay
dropin-earth/apps/web/worker-configuration.d.ts,untracked,I validation-coverage,include,OpenNext and web build integration,PENDING_I_VALIDATION_COVERAGE,pending_clean_replay
dropin-earth/contracts/.DS_Store,untracked,X generated-artifact,exclude,OS or tool-generated cache,EXCLUDED,path_and_boundary_reviewed
dropin-earth/contracts/evm/README.md,untracked,X chain-contract-surface,exclude,chain and token contract changes are outside Phase R0,EXCLUDED,path_and_boundary_reviewed
dropin-earth/contracts/evm/src/CarbonCreditMarketplace.sol,untracked,X chain-contract-surface,exclude,chain and token contract changes are outside Phase R0,EXCLUDED,path_and_boundary_reviewed
dropin-earth/contracts/evm/src/ForestRangerNFT.sol,untracked,X chain-contract-surface,exclude,chain and token contract changes are outside Phase R0,EXCLUDED,path_and_boundary_reviewed
dropin-earth/contracts/evm/src/LearnerRewardSystem.sol,untracked,X chain-contract-surface,exclude,chain and token contract changes are outside Phase R0,EXCLUDED,path_and_boundary_reviewed
dropin-earth/contracts/evm/src/OpenCampusID.sol,untracked,X chain-contract-surface,exclude,chain and token contract changes are outside Phase R0,EXCLUDED,path_and_boundary_reviewed
dropin-earth/contracts/evm/src/TreeNFT.sol,untracked,X chain-contract-surface,exclude,chain and token contract changes are outside Phase R0,EXCLUDED,path_and_boundary_reviewed
dropin-earth/contracts/solana/programs/dropin_anchor/src/errors.rs,tracked_modified,X chain-contract-surface,exclude,chain and token contract changes are outside Phase R0,EXCLUDED,path_and_boundary_reviewed
dropin-earth/contracts/solana/programs/dropin_anchor/src/instructions/anchor_proof_batch.rs,untracked,X chain-contract-surface,exclude,chain and token contract changes are outside Phase R0,EXCLUDED,path_and_boundary_reviewed
dropin-earth/contracts/solana/programs/dropin_anchor/src/instructions/mod.rs,tracked_modified,X chain-contract-surface,exclude,chain and token contract changes are outside Phase R0,EXCLUDED,path_and_boundary_reviewed
dropin-earth/contracts/solana/programs/dropin_anchor/src/lib.rs,tracked_modified,X chain-contract-surface,exclude,chain and token contract changes are outside Phase R0,EXCLUDED,path_and_boundary_reviewed
dropin-earth/contracts/solana/programs/dropin_anchor/src/state.rs,tracked_modified,X chain-contract-surface,exclude,chain and token contract changes are outside Phase R0,EXCLUDED,path_and_boundary_reviewed
dropin-earth/docker-compose.yml,tracked_modified,X unapproved-local-infrastructure,exclude,mixed legacy local services and embedded development credentials are outside R0,EXCLUDED,path_and_boundary_reviewed
dropin-earth/docs/ADR_SPATIAL_STACK.md,untracked,A architecture-RFC,include,"institutional architecture, governance, security, or standards documentation",PENDING_A_ARCHITECTURE_RFC,pending_clean_replay
dropin-earth/docs/AGENTS.md,untracked,A architecture-RFC,include,"institutional architecture, governance, security, or standards documentation",PENDING_A_ARCHITECTURE_RFC,pending_clean_replay
dropin-earth/docs/api.md,tracked_modified,A architecture-RFC,include,"institutional architecture, governance, security, or standards documentation",PENDING_A_ARCHITECTURE_RFC,pending_clean_replay
dropin-earth/docs/ARCHITECTURE_CURRENT_STATE.md,untracked,A architecture-RFC,include,"institutional architecture, governance, security, or standards documentation",PENDING_A_ARCHITECTURE_RFC,pending_clean_replay
dropin-earth/docs/architecture.md,tracked_modified,A architecture-RFC,include,"institutional architecture, governance, security, or standards documentation",PENDING_A_ARCHITECTURE_RFC,pending_clean_replay
dropin-earth/docs/architecture/dropin-ai-native-growth-v07.md,untracked,X legacy-or-product-documentation,exclude,"legacy launch, product, deployment, or sample material is outside R0",EXCLUDED,path_and_boundary_reviewed
dropin-earth/docs/architecture/dropin-codex-master-prompt-vnext.md,untracked,X legacy-or-product-documentation,exclude,"legacy launch, product, deployment, or sample material is outside R0",EXCLUDED,path_and_boundary_reviewed
dropin-earth/docs/architecture/dropin-environmental-accountability-v1.md,untracked,X legacy-or-product-documentation,exclude,"legacy launch, product, deployment, or sample material is outside R0",EXCLUDED,path_and_boundary_reviewed
dropin-earth/docs/architecture/dropin-environmental-avs-v06.md,untracked,X legacy-or-product-documentation,exclude,"legacy launch, product, deployment, or sample material is outside R0",EXCLUDED,path_and_boundary_reviewed
dropin-earth/docs/architecture/dropin-environmental-cognition-v02.md,untracked,X legacy-or-product-documentation,exclude,"legacy launch, product, deployment, or sample material is outside R0",EXCLUDED,path_and_boundary_reviewed
dropin-earth/docs/architecture/dropin-environmental-memory-rag-v05.md,untracked,X legacy-or-product-documentation,exclude,"legacy launch, product, deployment, or sample material is outside R0",EXCLUDED,path_and_boundary_reviewed
dropin-earth/docs/architecture/dropin-environmental-operations-os-v08.md,untracked,X legacy-or-product-documentation,exclude,"legacy launch, product, deployment, or sample material is outside R0",EXCLUDED,path_and_boundary_reviewed
dropin-earth/docs/architecture/dropin-realtime-environmental-settlement-v04.md,untracked,X legacy-or-product-documentation,exclude,"legacy launch, product, deployment, or sample material is outside R0",EXCLUDED,path_and_boundary_reviewed
dropin-earth/docs/AUDIT_STANDARD.md,untracked,A architecture-RFC,include,"institutional architecture, governance, security, or standards documentation",PENDING_A_ARCHITECTURE_RFC,pending_clean_replay
dropin-earth/docs/CANOPYPROOF_CLEAN_REPLAY_REPORT.md,r0_generated,R0 recovery-evidence,include,"Phase R0 inventory, policy, or final recovery evidence",PENDING_R0_RECOVERY_EVIDENCE,pending_clean_replay
dropin-earth/docs/CANOPYPROOF_INTEGRATION_RECOVERY_REPORT.md,r0_generated,R0 recovery-evidence,include,"Phase R0 inventory, policy, or final recovery evidence",PENDING_R0_RECOVERY_EVIDENCE,pending_clean_replay
dropin-earth/docs/CANOPYPROOF_OS_COMPLETION_MATRIX.md,untracked,I validation-coverage,include,"validation, coverage, or readiness evidence must be calibrated after clean replay",PENDING_I_VALIDATION_COVERAGE,pending_clean_replay
dropin-earth/docs/CANOPYPROOF_RELEASE_CANDIDATE_MATRIX.md,r0_generated,R0 recovery-evidence,include,"Phase R0 inventory, policy, or final recovery evidence",PENDING_R0_RECOVERY_EVIDENCE,pending_clean_replay
dropin-earth/docs/CERTIFICATE_STANDARD.md,untracked,A architecture-RFC,include,"institutional architecture, governance, security, or standards documentation",PENDING_A_ARCHITECTURE_RFC,pending_clean_replay
dropin-earth/docs/COVERAGE_POLICY.md,r0_generated,R0 recovery-evidence,include,"Phase R0 inventory, policy, or final recovery evidence",PENDING_R0_RECOVERY_EVIDENCE,pending_clean_replay
dropin-earth/docs/DATA_MODEL.md,untracked,A architecture-RFC,include,"institutional architecture, governance, security, or standards documentation",PENDING_A_ARCHITECTURE_RFC,pending_clean_replay
dropin-earth/docs/deploy-cloudflare.md,untracked,X legacy-or-product-documentation,exclude,"legacy launch, product, deployment, or sample material is outside R0",EXCLUDED,path_and_boundary_reviewed
dropin-earth/docs/deployment-cloudflare-canopyproof.md,untracked,X legacy-or-product-documentation,exclude,"legacy launch, product, deployment, or sample material is outside R0",EXCLUDED,path_and_boundary_reviewed
dropin-earth/docs/deployment.md,tracked_modified,X legacy-or-product-documentation,exclude,"legacy launch, product, deployment, or sample material is outside R0",EXCLUDED,path_and_boundary_reviewed
dropin-earth/docs/design/canopyproof-design-tokens.json,tracked_modified,X legacy-or-product-documentation,exclude,"legacy launch, product, deployment, or sample material is outside R0",EXCLUDED,path_and_boundary_reviewed
dropin-earth/docs/design/canopyproof-figma-document.json,tracked_modified,X legacy-or-product-documentation,exclude,"legacy launch, product, deployment, or sample material is outside R0",EXCLUDED,path_and_boundary_reviewed
dropin-earth/docs/design/canopyproof-uiux-spec.md,tracked_modified,X legacy-or-product-documentation,exclude,"legacy launch, product, deployment, or sample material is outside R0",EXCLUDED,path_and_boundary_reviewed
dropin-earth/docs/ESG_DATA_STANDARD.md,untracked,A architecture-RFC,include,"institutional architecture, governance, security, or standards documentation",PENDING_A_ARCHITECTURE_RFC,pending_clean_replay
dropin-earth/docs/ESG_REPORTING.md,untracked,A architecture-RFC,include,"institutional architecture, governance, security, or standards documentation",PENDING_A_ARCHITECTURE_RFC,pending_clean_replay
dropin-earth/docs/EVIDENCE_PROTOCOL.md,untracked,A architecture-RFC,include,"institutional architecture, governance, security, or standards documentation",PENDING_A_ARCHITECTURE_RFC,pending_clean_replay
dropin-earth/docs/evidence/canopy-replay-roots.json,untracked,X legacy-or-product-documentation,exclude,"legacy launch, product, deployment, or sample material is outside R0",EXCLUDED,path_and_boundary_reviewed
dropin-earth/docs/evidence/counsel-allowlist.md,untracked,X legacy-or-product-documentation,exclude,"legacy launch, product, deployment, or sample material is outside R0",EXCLUDED,path_and_boundary_reviewed
dropin-earth/docs/evidence/kyc-aml-sanctions-checklist.md,untracked,X legacy-or-product-documentation,exclude,"legacy launch, product, deployment, or sample material is outside R0",EXCLUDED,path_and_boundary_reviewed
dropin-earth/docs/evidence/multisig-approval-record.md,untracked,X legacy-or-product-documentation,exclude,"legacy launch, product, deployment, or sample material is outside R0",EXCLUDED,path_and_boundary_reviewed
dropin-earth/docs/evidence/phase16-cloudflare-deploy-evidence-binding.md,untracked,X legacy-or-product-documentation,exclude,"legacy launch, product, deployment, or sample material is outside R0",EXCLUDED,path_and_boundary_reviewed
dropin-earth/docs/evidence/phase16-release-council-pack.md,untracked,X legacy-or-product-documentation,exclude,"legacy launch, product, deployment, or sample material is outside R0",EXCLUDED,path_and_boundary_reviewed
dropin-earth/docs/FIFTYONE_INTEGRATION_POLICY.md,untracked,G evidence-orchestration,include,"existing evidence metadata, media, visual, or observation orchestration",PENDING_G_EVIDENCE_ORCHESTRATION,pending_clean_replay
dropin-earth/docs/FUNDING.md,untracked,A architecture-RFC,include,"institutional architecture, governance, security, or standards documentation",PENDING_A_ARCHITECTURE_RFC,pending_clean_replay
dropin-earth/docs/GIS_ECOSYSTEM_LANDSCAPE.md,untracked,A architecture-RFC,include,"institutional architecture, governance, security, or standards documentation",PENDING_A_ARCHITECTURE_RFC,pending_clean_replay
dropin-earth/docs/GOVERNANCE.md,untracked,A architecture-RFC,include,"institutional architecture, governance, security, or standards documentation",PENDING_A_ARCHITECTURE_RFC,pending_clean_replay
dropin-earth/docs/INSTITUTIONAL_TRUST.md,untracked,A architecture-RFC,include,"institutional architecture, governance, security, or standards documentation",PENDING_A_ARCHITECTURE_RFC,pending_clean_replay
dropin-earth/docs/INVESTOR_DUE_DILIGENCE.md,untracked,A architecture-RFC,include,"institutional architecture, governance, security, or standards documentation",PENDING_A_ARCHITECTURE_RFC,pending_clean_replay
dropin-earth/docs/MRV_STANDARD.md,untracked,A architecture-RFC,include,"institutional architecture, governance, security, or standards documentation",PENDING_A_ARCHITECTURE_RFC,pending_clean_replay
dropin-earth/docs/NASA_GIBS_DATA_POLICY.md,untracked,G evidence-orchestration,include,"existing evidence metadata, media, visual, or observation orchestration",PENDING_G_EVIDENCE_ORCHESTRATION,pending_clean_replay
dropin-earth/docs/NASA_GIBS_INTEGRATION_READINESS.md,untracked,G evidence-orchestration,include,"existing evidence metadata, media, visual, or observation orchestration",PENDING_G_EVIDENCE_ORCHESTRATION,pending_clean_replay
dropin-earth/docs/NASA_GIBS_THREAT_MODEL.md,untracked,G evidence-orchestration,include,"existing evidence metadata, media, visual, or observation orchestration",PENDING_G_EVIDENCE_ORCHESTRATION,pending_clean_replay
dropin-earth/docs/NASA_WORLDVIEW_UPSTREAM_POLICY.md,untracked,A architecture-RFC,include,"institutional architecture, governance, security, or standards documentation",PENDING_A_ARCHITECTURE_RFC,pending_clean_replay
dropin-earth/docs/OBSERVABILITY.md,untracked,A architecture-RFC,include,"institutional architecture, governance, security, or standards documentation",PENDING_A_ARCHITECTURE_RFC,pending_clean_replay
dropin-earth/docs/PARTNER_PORTAL.md,untracked,A architecture-RFC,include,"institutional architecture, governance, security, or standards documentation",PENDING_A_ARCHITECTURE_RFC,pending_clean_replay
dropin-earth/docs/phase-16-codex-ready-scaffold-prompt.md,untracked,X legacy-or-product-documentation,exclude,"legacy launch, product, deployment, or sample material is outside R0",EXCLUDED,path_and_boundary_reviewed
dropin-earth/docs/phase-16-developer-guide.md,untracked,X legacy-or-product-documentation,exclude,"legacy launch, product, deployment, or sample material is outside R0",EXCLUDED,path_and_boundary_reviewed
dropin-earth/docs/PHASE2_PRODUCTION_READINESS.md,untracked,I validation-coverage,include,"validation, coverage, or readiness evidence must be calibrated after clean replay",PENDING_I_VALIDATION_COVERAGE,pending_clean_replay
dropin-earth/docs/PHASE3_INSTITUTIONAL_READINESS.md,untracked,I validation-coverage,include,"validation, coverage, or readiness evidence must be calibrated after clean replay",PENDING_I_VALIDATION_COVERAGE,pending_clean_replay
dropin-earth/docs/POINT_CLOUD_MRV_STANDARD.md,untracked,G evidence-orchestration,include,"existing evidence metadata, media, visual, or observation orchestration",PENDING_G_EVIDENCE_ORCHESTRATION,pending_clean_replay
dropin-earth/docs/product.md,tracked_modified,X legacy-or-product-documentation,exclude,"legacy launch, product, deployment, or sample material is outside R0",EXCLUDED,path_and_boundary_reviewed
dropin-earth/docs/product/canopy-dropin-whitepaper-alignment.md,untracked,X legacy-or-product-documentation,exclude,"legacy launch, product, deployment, or sample material is outside R0",EXCLUDED,path_and_boundary_reviewed
dropin-earth/docs/product/dropin-environmental-terminal.md,untracked,X legacy-or-product-documentation,exclude,"legacy launch, product, deployment, or sample material is outside R0",EXCLUDED,path_and_boundary_reviewed
dropin-earth/docs/production-core-business-convergence.md,untracked,X legacy-or-product-documentation,exclude,"legacy launch, product, deployment, or sample material is outside R0",EXCLUDED,path_and_boundary_reviewed
dropin-earth/docs/production-e2e-automation.md,untracked,X legacy-or-product-documentation,exclude,"legacy launch, product, deployment, or sample material is outside R0",EXCLUDED,path_and_boundary_reviewed
dropin-earth/docs/production-mainnet-runbook.md,untracked,X legacy-or-product-documentation,exclude,"legacy launch, product, deployment, or sample material is outside R0",EXCLUDED,path_and_boundary_reviewed
dropin-earth/docs/production-randomness-oracle-sybil.md,untracked,X legacy-or-product-documentation,exclude,"legacy launch, product, deployment, or sample material is outside R0",EXCLUDED,path_and_boundary_reviewed
dropin-earth/docs/RFC_AWS_KMS_VERIFICATION_RUNTIME.md,untracked,F verify-only-security,include,verify-only KMS or edge security and observability boundary,PENDING_F_VERIFY_ONLY_SECURITY,pending_clean_replay
dropin-earth/docs/RFC_CANONICAL_EARLY_WARNING_AUTHORITY.md,untracked,A architecture-RFC,include,"institutional architecture, governance, security, or standards documentation",PENDING_A_ARCHITECTURE_RFC,pending_clean_replay
dropin-earth/docs/RFC_CANONICAL_ESG_REPORTING_AUTHORITY.md,untracked,A architecture-RFC,include,"institutional architecture, governance, security, or standards documentation",PENDING_A_ARCHITECTURE_RFC,pending_clean_replay
dropin-earth/docs/RFC_CANONICAL_FUNDING_ACCOUNTABILITY_AUTHORITY.md,untracked,A architecture-RFC,include,"institutional architecture, governance, security, or standards documentation",PENDING_A_ARCHITECTURE_RFC,pending_clean_replay
dropin-earth/docs/RFC_CANONICAL_ORGANIZATION_ACCREDITATION_AUTHORITY.md,untracked,A architecture-RFC,include,"institutional architecture, governance, security, or standards documentation",PENDING_A_ARCHITECTURE_RFC,pending_clean_replay
dropin-earth/docs/RFC_CANONICAL_ORGANIZATION_LIFECYCLE_AUTHORITY.md,untracked,A architecture-RFC,include,"institutional architecture, governance, security, or standards documentation",PENDING_A_ARCHITECTURE_RFC,pending_clean_replay
dropin-earth/docs/RFC_CANONICAL_PROJECT_LIFECYCLE_AUTHORITY.md,untracked,A architecture-RFC,include,"institutional architecture, governance, security, or standards documentation",PENDING_A_ARCHITECTURE_RFC,pending_clean_replay
dropin-earth/docs/RFC_CANONICAL_PROJECT_LIFECYCLE_SOURCE_RESOLVER.md,untracked,A architecture-RFC,include,"institutional architecture, governance, security, or standards documentation",PENDING_A_ARCHITECTURE_RFC,pending_clean_replay
dropin-earth/docs/RFC_CANOPYPROOF_OS_PRODUCT_SYSTEM.md,untracked,A architecture-RFC,include,"institutional architecture, governance, security, or standards documentation",PENDING_A_ARCHITECTURE_RFC,pending_clean_replay
dropin-earth/docs/RFC_COVERAGE_RATCHET.md,untracked,I validation-coverage,include,"validation, coverage, or readiness evidence must be calibrated after clean replay",PENDING_I_VALIDATION_COVERAGE,pending_clean_replay
dropin-earth/docs/RFC_DIGITAL_MRV_GRAPH_AUTHORITY.md,untracked,A architecture-RFC,include,"institutional architecture, governance, security, or standards documentation",PENDING_A_ARCHITECTURE_RFC,pending_clean_replay
dropin-earth/docs/RFC_EDGE_TRACE_CONTINUITY.md,untracked,A architecture-RFC,include,"institutional architecture, governance, security, or standards documentation",PENDING_A_ARCHITECTURE_RFC,pending_clean_replay
dropin-earth/docs/RFC_EFFECTIVE_MEDIA_PROJECTION_AND_METADATA_ORCHESTRATION.md,untracked,G evidence-orchestration,include,"existing evidence metadata, media, visual, or observation orchestration",PENDING_G_EVIDENCE_ORCHESTRATION,pending_clean_replay
dropin-earth/docs/RFC_ENVIRONMENTAL_PROOF_LIFECYCLE_AUTHORITY.md,untracked,A architecture-RFC,include,"institutional architecture, governance, security, or standards documentation",PENDING_A_ARCHITECTURE_RFC,pending_clean_replay
dropin-earth/docs/RFC_EVIDENCE_MEDIA_INTAKE_ADAPTERS.md,untracked,G evidence-orchestration,include,"existing evidence metadata, media, visual, or observation orchestration",PENDING_G_EVIDENCE_ORCHESTRATION,pending_clean_replay
dropin-earth/docs/RFC_EVIDENCE_MEDIA_PROVIDER_RUNTIME.md,untracked,G evidence-orchestration,include,"existing evidence metadata, media, visual, or observation orchestration",PENDING_G_EVIDENCE_ORCHESTRATION,pending_clean_replay
dropin-earth/docs/RFC_EVIDENCE_METADATA_EXTRACTION_ADAPTER.md,untracked,G evidence-orchestration,include,"existing evidence metadata, media, visual, or observation orchestration",PENDING_G_EVIDENCE_ORCHESTRATION,pending_clean_replay
dropin-earth/docs/RFC_EVIDENCE_METADATA_RETENTION_AUTHORITY.md,untracked,G evidence-orchestration,include,"existing evidence metadata, media, visual, or observation orchestration",PENDING_G_EVIDENCE_ORCHESTRATION,pending_clean_replay
dropin-earth/docs/RFC_EVIDENCE_OFFLINE_COMMUNITY_AUTHORITY.md,untracked,E mobile-sync-authority,include,governed mobile sync and current-authority admission,PENDING_E_MOBILE_SYNC_AUTHORITY,pending_clean_replay
dropin-earth/docs/RFC_GLOBAL_COMMAND_CENTER_PUBLISHING_AUTHORITY.md,untracked,C global-command-center,include,privacy-minimized global command center authority,PENDING_C_GLOBAL_COMMAND_CENTER,pending_clean_replay
dropin-earth/docs/RFC_GLOBAL_COMMAND_CENTER_SPATIAL_DISCLOSURE_AUTHORITY.md,untracked,C global-command-center,include,privacy-minimized global command center authority,PENDING_C_GLOBAL_COMMAND_CENTER,pending_clean_replay
dropin-earth/docs/RFC_GLOBAL_IMPACT_COMMAND_CENTER_PROJECTION.md,untracked,A architecture-RFC,include,"institutional architecture, governance, security, or standards documentation",PENDING_A_ARCHITECTURE_RFC,pending_clean_replay
dropin-earth/docs/RFC_GOVERNED_ESG_METRIC_AUTHORITY.md,untracked,A architecture-RFC,include,"institutional architecture, governance, security, or standards documentation",PENDING_A_ARCHITECTURE_RFC,pending_clean_replay
dropin-earth/docs/RFC_MOBILE_EVIDENCE_OFFLINE_CLIENT.md,untracked,A architecture-RFC,include,"institutional architecture, governance, security, or standards documentation",PENDING_A_ARCHITECTURE_RFC,pending_clean_replay
dropin-earth/docs/RFC_MOBILE_EVIDENCE_SYNC_AUTHORITY.md,untracked,E mobile-sync-authority,include,governed mobile sync and current-authority admission,PENDING_E_MOBILE_SYNC_AUTHORITY,pending_clean_replay
dropin-earth/docs/RFC_MOBILE_SYNC_ADMISSION_CONTROL.md,untracked,E mobile-sync-authority,include,governed mobile sync and current-authority admission,PENDING_E_MOBILE_SYNC_AUTHORITY,pending_clean_replay
dropin-earth/docs/RFC_NASA_GIBS_INTEGRATION.md,untracked,G evidence-orchestration,include,"existing evidence metadata, media, visual, or observation orchestration",PENDING_G_EVIDENCE_ORCHESTRATION,pending_clean_replay
dropin-earth/docs/RFC_OBSERVABILITY_EXPORT_PIPELINE.md,untracked,A architecture-RFC,include,"institutional architecture, governance, security, or standards documentation",PENDING_A_ARCHITECTURE_RFC,pending_clean_replay
dropin-earth/docs/RFC_PUBLIC_TRANSPARENCY_AUTHORITY.md,untracked,A architecture-RFC,include,"institutional architecture, governance, security, or standards documentation",PENDING_A_ARCHITECTURE_RFC,pending_clean_replay
dropin-earth/docs/RFC_PUBLIC_TRANSPARENCY_EXPLORER.md,untracked,A architecture-RFC,include,"institutional architecture, governance, security, or standards documentation",PENDING_A_ARCHITECTURE_RFC,pending_clean_replay
dropin-earth/docs/RFC_ROOT_GOVERNANCE_BOOTSTRAP_AUTHORITY.md,untracked,A architecture-RFC,include,"institutional architecture, governance, security, or standards documentation",PENDING_A_ARCHITECTURE_RFC,pending_clean_replay
dropin-earth/docs/RFC_TERRAPROOF_SPATIAL_FABRIC.md,untracked,A architecture-RFC,include,"institutional architecture, governance, security, or standards documentation",PENDING_A_ARCHITECTURE_RFC,pending_clean_replay
dropin-earth/docs/RFC_TRUST_LAYER.md,untracked,A architecture-RFC,include,"institutional architecture, governance, security, or standards documentation",PENDING_A_ARCHITECTURE_RFC,pending_clean_replay
dropin-earth/docs/RFC_TRUSTED_DEVICE_ATTESTATION_PROVIDER.md,untracked,E mobile-sync-authority,include,governed mobile sync and current-authority admission,PENDING_E_MOBILE_SYNC_AUTHORITY,pending_clean_replay
dropin-earth/docs/RFC_VISUAL_EVIDENCE_INTELLIGENCE.md,untracked,G evidence-orchestration,include,"existing evidence metadata, media, visual, or observation orchestration",PENDING_G_EVIDENCE_ORCHESTRATION,pending_clean_replay
dropin-earth/docs/RISK.md,untracked,A architecture-RFC,include,"institutional architecture, governance, security, or standards documentation",PENDING_A_ARCHITECTURE_RFC,pending_clean_replay
dropin-earth/docs/samples/environmental-memory/challenge-history.json,untracked,X legacy-or-product-documentation,exclude,"legacy launch, product, deployment, or sample material is outside R0",EXCLUDED,path_and_boundary_reviewed
dropin-earth/docs/samples/environmental-memory/drone-evidence.json,untracked,X legacy-or-product-documentation,exclude,"legacy launch, product, deployment, or sample material is outside R0",EXCLUDED,path_and_boundary_reviewed
dropin-earth/docs/samples/environmental-memory/project-report.json,untracked,X legacy-or-product-documentation,exclude,"legacy launch, product, deployment, or sample material is outside R0",EXCLUDED,path_and_boundary_reviewed
dropin-earth/docs/samples/environmental-memory/rag-answer-report.md,untracked,X legacy-or-product-documentation,exclude,"legacy launch, product, deployment, or sample material is outside R0",EXCLUDED,path_and_boundary_reviewed
dropin-earth/docs/samples/environmental-memory/satellite-evidence.json,untracked,X legacy-or-product-documentation,exclude,"legacy launch, product, deployment, or sample material is outside R0",EXCLUDED,path_and_boundary_reviewed
dropin-earth/docs/samples/growth/climate-campaign.json,untracked,X legacy-or-product-documentation,exclude,"legacy launch, product, deployment, or sample material is outside R0",EXCLUDED,path_and_boundary_reviewed
dropin-earth/docs/samples/growth/environmental-metathread.json,untracked,X legacy-or-product-documentation,exclude,"legacy launch, product, deployment, or sample material is outside R0",EXCLUDED,path_and_boundary_reviewed
dropin-earth/docs/samples/growth/ngo-leads-consented.json,untracked,X legacy-or-product-documentation,exclude,"legacy launch, product, deployment, or sample material is outside R0",EXCLUDED,path_and_boundary_reviewed
dropin-earth/docs/samples/growth/outreach-draft.md,untracked,X legacy-or-product-documentation,exclude,"legacy launch, product, deployment, or sample material is outside R0",EXCLUDED,path_and_boundary_reviewed
dropin-earth/docs/samples/growth/treasury-insight-report.md,untracked,X legacy-or-product-documentation,exclude,"legacy launch, product, deployment, or sample material is outside R0",EXCLUDED,path_and_boundary_reviewed
dropin-earth/docs/samples/operations/environmental-feed.json,untracked,X legacy-or-product-documentation,exclude,"legacy launch, product, deployment, or sample material is outside R0",EXCLUDED,path_and_boundary_reviewed
dropin-earth/docs/samples/operations/environmental-gateway.json,untracked,X legacy-or-product-documentation,exclude,"legacy launch, product, deployment, or sample material is outside R0",EXCLUDED,path_and_boundary_reviewed
dropin-earth/docs/samples/operations/message-thread.json,untracked,X legacy-or-product-documentation,exclude,"legacy launch, product, deployment, or sample material is outside R0",EXCLUDED,path_and_boundary_reviewed
dropin-earth/docs/samples/operations/operations-risk-report.md,untracked,X legacy-or-product-documentation,exclude,"legacy launch, product, deployment, or sample material is outside R0",EXCLUDED,path_and_boundary_reviewed
dropin-earth/docs/samples/operations/validator-schedule.json,untracked,X legacy-or-product-documentation,exclude,"legacy launch, product, deployment, or sample material is outside R0",EXCLUDED,path_and_boundary_reviewed
dropin-earth/docs/SECURITY_TRUST_LAYER.md,untracked,A architecture-RFC,include,"institutional architecture, governance, security, or standards documentation",PENDING_A_ARCHITECTURE_RFC,pending_clean_replay
dropin-earth/docs/SECURITY.md,untracked,A architecture-RFC,include,"institutional architecture, governance, security, or standards documentation",PENDING_A_ARCHITECTURE_RFC,pending_clean_replay
dropin-earth/docs/security/dropin-environmental-security-checklist.md,untracked,X legacy-or-product-documentation,exclude,"legacy launch, product, deployment, or sample material is outside R0",EXCLUDED,path_and_boundary_reviewed
dropin-earth/docs/security/dropin-growth-compliance-checklist.md,untracked,X legacy-or-product-documentation,exclude,"legacy launch, product, deployment, or sample material is outside R0",EXCLUDED,path_and_boundary_reviewed
dropin-earth/docs/security/dropin-memory-rag-checklist.md,untracked,X legacy-or-product-documentation,exclude,"legacy launch, product, deployment, or sample material is outside R0",EXCLUDED,path_and_boundary_reviewed
dropin-earth/docs/security/dropin-operations-security-checklist.md,untracked,X legacy-or-product-documentation,exclude,"legacy launch, product, deployment, or sample material is outside R0",EXCLUDED,path_and_boundary_reviewed
dropin-earth/docs/security/dropin-protocol-infra-checklist.md,untracked,X legacy-or-product-documentation,exclude,"legacy launch, product, deployment, or sample material is outside R0",EXCLUDED,path_and_boundary_reviewed
dropin-earth/docs/security/dropin-realtime-security-checklist.md,untracked,X legacy-or-product-documentation,exclude,"legacy launch, product, deployment, or sample material is outside R0",EXCLUDED,path_and_boundary_reviewed
dropin-earth/docs/security/dropin-security-checklist.md,untracked,X legacy-or-product-documentation,exclude,"legacy launch, product, deployment, or sample material is outside R0",EXCLUDED,path_and_boundary_reviewed
dropin-earth/docs/security/dropin-security-framework.md,untracked,X legacy-or-product-documentation,exclude,"legacy launch, product, deployment, or sample material is outside R0",EXCLUDED,path_and_boundary_reviewed
dropin-earth/docs/security/future-agent-security.md,untracked,A architecture-RFC,include,"institutional architecture, governance, security, or standards documentation",PENDING_A_ARCHITECTURE_RFC,pending_clean_replay
dropin-earth/docs/security/sample-dropin-assessment.md,untracked,X legacy-or-product-documentation,exclude,"legacy launch, product, deployment, or sample material is outside R0",EXCLUDED,path_and_boundary_reviewed
dropin-earth/docs/security/sample-environmental-trace.json,untracked,X legacy-or-product-documentation,exclude,"legacy launch, product, deployment, or sample material is outside R0",EXCLUDED,path_and_boundary_reviewed
dropin-earth/docs/security/sample-escrow-flow.md,untracked,X legacy-or-product-documentation,exclude,"legacy launch, product, deployment, or sample material is outside R0",EXCLUDED,path_and_boundary_reviewed
dropin-earth/docs/security/sample-impact-proof.json,untracked,X legacy-or-product-documentation,exclude,"legacy launch, product, deployment, or sample material is outside R0",EXCLUDED,path_and_boundary_reviewed
dropin-earth/docs/security/sample-settlement-report.md,untracked,X legacy-or-product-documentation,exclude,"legacy launch, product, deployment, or sample material is outside R0",EXCLUDED,path_and_boundary_reviewed
dropin-earth/docs/security/sample-world-model.json,untracked,X legacy-or-product-documentation,exclude,"legacy launch, product, deployment, or sample material is outside R0",EXCLUDED,path_and_boundary_reviewed
dropin-earth/docs/SPATIAL_DATA_GOVERNANCE.md,untracked,A architecture-RFC,include,"institutional architecture, governance, security, or standards documentation",PENDING_A_ARCHITECTURE_RFC,pending_clean_replay
dropin-earth/docs/SPATIAL_THREAT_MODEL.md,untracked,A architecture-RFC,include,"institutional architecture, governance, security, or standards documentation",PENDING_A_ARCHITECTURE_RFC,pending_clean_replay
dropin-earth/docs/telegram-miniapp.md,tracked_modified,X legacy-or-product-documentation,exclude,"legacy launch, product, deployment, or sample material is outside R0",EXCLUDED,path_and_boundary_reviewed
dropin-earth/docs/TESTING.md,untracked,I validation-coverage,include,"validation, coverage, or readiness evidence must be calibrated after clean replay",PENDING_I_VALIDATION_COVERAGE,pending_clean_replay
dropin-earth/docs/testnet-campaigns.md,tracked_modified,X legacy-or-product-documentation,exclude,"legacy launch, product, deployment, or sample material is outside R0",EXCLUDED,path_and_boundary_reviewed
dropin-earth/docs/testnet-operator-daily-report.md,tracked_modified,X legacy-or-product-documentation,exclude,"legacy launch, product, deployment, or sample material is outside R0",EXCLUDED,path_and_boundary_reviewed
dropin-earth/docs/TRUST_KERNEL.md,untracked,A architecture-RFC,include,"institutional architecture, governance, security, or standards documentation",PENDING_A_ARCHITECTURE_RFC,pending_clean_replay
dropin-earth/docs/ui-system.md,tracked_modified,X legacy-or-product-documentation,exclude,"legacy launch, product, deployment, or sample material is outside R0",EXCLUDED,path_and_boundary_reviewed
dropin-earth/docs/UN_INTEGRATION.md,untracked,A architecture-RFC,include,"institutional architecture, governance, security, or standards documentation",PENDING_A_ARCHITECTURE_RFC,pending_clean_replay
dropin-earth/docs/UN_PARTNERS.md,untracked,A architecture-RFC,include,"institutional architecture, governance, security, or standards documentation",PENDING_A_ARCHITECTURE_RFC,pending_clean_replay
dropin-earth/docs/VERIFICATION_STANDARD.md,untracked,A architecture-RFC,include,"institutional architecture, governance, security, or standards documentation",PENDING_A_ARCHITECTURE_RFC,pending_clean_replay
dropin-earth/docs/VISUAL_DATA_LICENSE_POLICY.md,untracked,A architecture-RFC,include,"institutional architecture, governance, security, or standards documentation",PENDING_A_ARCHITECTURE_RFC,pending_clean_replay
dropin-earth/docs/VISUAL_EVIDENCE_INTELLIGENCE_READINESS.md,untracked,G evidence-orchestration,include,"existing evidence metadata, media, visual, or observation orchestration",PENDING_G_EVIDENCE_ORCHESTRATION,pending_clean_replay
dropin-earth/docs/VISUAL_EVIDENCE_THREAT_MODEL.md,untracked,G evidence-orchestration,include,"existing evidence metadata, media, visual, or observation orchestration",PENDING_G_EVIDENCE_ORCHESTRATION,pending_clean_replay
dropin-earth/docs/WORKING_TREE_FILE_DISPOSITION.csv,r0_generated,R0 recovery-evidence,include,"Phase R0 inventory, policy, or final recovery evidence",PENDING_R0_RECOVERY_EVIDENCE,pending_clean_replay
dropin-earth/docs/WORKING_TREE_INTEGRATION_INVENTORY.md,r0_generated,R0 recovery-evidence,include,"Phase R0 inventory, policy, or final recovery evidence",PENDING_R0_RECOVERY_EVIDENCE,pending_clean_replay
dropin-earth/infra/.DS_Store,untracked,X generated-artifact,exclude,OS or tool-generated cache,EXCLUDED,path_and_boundary_reviewed
dropin-earth/infra/canopyproof/kubernetes/api-deployment.yaml,untracked,I validation-coverage,include,non-executing infrastructure or observability configuration,PENDING_I_VALIDATION_COVERAGE,pending_clean_replay
dropin-earth/infra/canopyproof/kubernetes/postgres-backup-cronjob.yaml,untracked,I validation-coverage,include,non-executing infrastructure or observability configuration,PENDING_I_VALIDATION_COVERAGE,pending_clean_replay
dropin-earth/infra/cloudflare/.wrangler/state/v3/cache/miniflare-CacheObject/metadata.sqlite,untracked,X generated-artifact,exclude,"generated build, runtime, test, or cache output",EXCLUDED,path_and_boundary_reviewed
dropin-earth/infra/cloudflare/.wrangler/state/v3/cache/miniflare-CacheObject/metadata.sqlite-shm,untracked,X generated-artifact,exclude,"generated build, runtime, test, or cache output",EXCLUDED,path_and_boundary_reviewed
dropin-earth/infra/cloudflare/.wrangler/state/v3/cache/miniflare-CacheObject/metadata.sqlite-wal,untracked,X generated-artifact,exclude,"generated build, runtime, test, or cache output",EXCLUDED,path_and_boundary_reviewed
dropin-earth/infra/cloudflare/canopyproof-api-proxy.ts,tracked_modified,F verify-only-security,include,authority code or validation owned by its dependency-complete subsystem,PENDING_F_VERIFY_ONLY_SECURITY,pending_clean_replay
dropin-earth/infra/cloudflare/canopyproof-api-proxy.wrangler.toml.example,untracked,I validation-coverage,include,non-executing infrastructure or observability configuration,PENDING_I_VALIDATION_COVERAGE,pending_clean_replay
dropin-earth/infra/cloudflare/canopyproof-terraform.tf.example,untracked,I validation-coverage,include,non-executing infrastructure or observability configuration,PENDING_I_VALIDATION_COVERAGE,pending_clean_replay
dropin-earth/infra/cloudflare/canopyproof-web-opennext.wrangler.toml.example,untracked,I validation-coverage,include,non-executing infrastructure or observability configuration,PENDING_I_VALIDATION_COVERAGE,pending_clean_replay
dropin-earth/infra/mqtt/mosquitto.conf,untracked,X unapproved-or-unclassified,exclude,no explicit Phase R0 allowlist rule,EXCLUDED,path_and_boundary_reviewed
dropin-earth/infra/observability/opentelemetry-collector.yaml,untracked,F verify-only-security,include,authority code or validation owned by its dependency-complete subsystem,PENDING_F_VERIFY_ONLY_SECURITY,pending_clean_replay
dropin-earth/infra/observability/prometheus-rules-canopyproof.yaml,untracked,F verify-only-security,include,authority code or validation owned by its dependency-complete subsystem,PENDING_F_VERIFY_ONLY_SECURITY,pending_clean_replay
dropin-earth/integrations/fiftyone/.gitignore,untracked,G evidence-orchestration,include,existing local review integration; no production activation,PENDING_G_EVIDENCE_ORCHESTRATION,pending_clean_replay
dropin-earth/integrations/fiftyone/adapter/manifest.ts,untracked,G evidence-orchestration,include,existing local review integration; no production activation,PENDING_G_EVIDENCE_ORCHESTRATION,pending_clean_replay
dropin-earth/integrations/fiftyone/docker/README.md,untracked,G evidence-orchestration,include,existing local review integration; no production activation,PENDING_G_EVIDENCE_ORCHESTRATION,pending_clean_replay
dropin-earth/integrations/fiftyone/plugins/canopyproof-review/__init__.py,untracked,G evidence-orchestration,include,existing local review integration; no production activation,PENDING_G_EVIDENCE_ORCHESTRATION,pending_clean_replay
dropin-earth/integrations/fiftyone/plugins/canopyproof-review/canopyproof_client.py,untracked,G evidence-orchestration,include,existing local review integration; no production activation,PENDING_G_EVIDENCE_ORCHESTRATION,pending_clean_replay
dropin-earth/integrations/fiftyone/plugins/canopyproof-review/fiftyone.yml,untracked,G evidence-orchestration,include,existing local review integration; no production activation,PENDING_G_EVIDENCE_ORCHESTRATION,pending_clean_replay
dropin-earth/integrations/fiftyone/pyproject.toml,untracked,G evidence-orchestration,include,existing local review integration; no production activation,PENDING_G_EVIDENCE_ORCHESTRATION,pending_clean_replay
dropin-earth/integrations/fiftyone/README.md,untracked,G evidence-orchestration,include,existing local review integration; no production activation,PENDING_G_EVIDENCE_ORCHESTRATION,pending_clean_replay
dropin-earth/integrations/fiftyone/tests/test_canopyproof_client.py,untracked,G evidence-orchestration,include,existing local review integration; no production activation,PENDING_G_EVIDENCE_ORCHESTRATION,pending_clean_replay
dropin-earth/package-lock.json,tracked_modified,S shared-build-plumbing,include,shared manifest must evolve minimally with each independently validated authority slice,PENDING_S_SHARED_BUILD_PLUMBING,pending_clean_replay
dropin-earth/package.json,tracked_modified,S shared-build-plumbing,include,shared manifest must evolve minimally with each independently validated authority slice,PENDING_S_SHARED_BUILD_PLUMBING,pending_clean_replay
dropin-earth/packages/crypto/src/index.ts,tracked_modified,H trust-kernel-postgres,include,workspace and API integration plumbing required by canonical authorities,PENDING_H_TRUST_KERNEL_POSTGRES,pending_clean_replay
dropin-earth/packages/dropin-avs/package.json,untracked,X non-R0-dropin-package,exclude,separate Dropin prototype/package is not required by approved CanopyProof slices,EXCLUDED,path_and_boundary_reviewed
dropin-earth/packages/dropin-avs/src/index.ts,untracked,X non-R0-dropin-package,exclude,separate Dropin prototype/package is not required by approved CanopyProof slices,EXCLUDED,path_and_boundary_reviewed
dropin-earth/packages/dropin-avs/src/operator-registry.ts,untracked,X non-R0-dropin-package,exclude,separate Dropin prototype/package is not required by approved CanopyProof slices,EXCLUDED,path_and_boundary_reviewed
dropin-earth/packages/dropin-avs/src/slashing.ts,untracked,X non-R0-dropin-package,exclude,separate Dropin prototype/package is not required by approved CanopyProof slices,EXCLUDED,path_and_boundary_reviewed
dropin-earth/packages/dropin-avs/src/task-manager.ts,untracked,X non-R0-dropin-package,exclude,separate Dropin prototype/package is not required by approved CanopyProof slices,EXCLUDED,path_and_boundary_reviewed
dropin-earth/packages/dropin-avs/src/types.ts,untracked,X non-R0-dropin-package,exclude,separate Dropin prototype/package is not required by approved CanopyProof slices,EXCLUDED,path_and_boundary_reviewed
dropin-earth/packages/dropin-avs/src/utils.ts,untracked,X non-R0-dropin-package,exclude,separate Dropin prototype/package is not required by approved CanopyProof slices,EXCLUDED,path_and_boundary_reviewed
dropin-earth/packages/dropin-avs/tsconfig.json,untracked,X non-R0-dropin-package,exclude,separate Dropin prototype/package is not required by approved CanopyProof slices,EXCLUDED,path_and_boundary_reviewed
dropin-earth/packages/dropin-cloudflare/package.json,untracked,X non-R0-dropin-package,exclude,separate Dropin prototype/package is not required by approved CanopyProof slices,EXCLUDED,path_and_boundary_reviewed
dropin-earth/packages/dropin-cloudflare/src/canopyproof-api-proxy.ts,untracked,X non-R0-dropin-package,exclude,separate Dropin prototype/package is not required by approved CanopyProof slices,EXCLUDED,path_and_boundary_reviewed
dropin-earth/packages/dropin-cloudflare/src/canopyproof-edge-observability.ts,untracked,X non-R0-dropin-package,exclude,separate Dropin prototype/package is not required by approved CanopyProof slices,EXCLUDED,path_and_boundary_reviewed
dropin-earth/packages/dropin-cloudflare/src/index.ts,untracked,X non-R0-dropin-package,exclude,separate Dropin prototype/package is not required by approved CanopyProof slices,EXCLUDED,path_and_boundary_reviewed
dropin-earth/packages/dropin-cloudflare/tsconfig.json,untracked,X non-R0-dropin-package,exclude,separate Dropin prototype/package is not required by approved CanopyProof slices,EXCLUDED,path_and_boundary_reviewed
dropin-earth/packages/dropin-cognition/package.json,untracked,X non-R0-dropin-package,exclude,separate Dropin prototype/package is not required by approved CanopyProof slices,EXCLUDED,path_and_boundary_reviewed
dropin-earth/packages/dropin-cognition/src/challenge.ts,untracked,X non-R0-dropin-package,exclude,separate Dropin prototype/package is not required by approved CanopyProof slices,EXCLUDED,path_and_boundary_reviewed
dropin-earth/packages/dropin-cognition/src/cli.ts,untracked,X non-R0-dropin-package,exclude,separate Dropin prototype/package is not required by approved CanopyProof slices,EXCLUDED,path_and_boundary_reviewed
dropin-earth/packages/dropin-cognition/src/embodied.ts,untracked,X non-R0-dropin-package,exclude,separate Dropin prototype/package is not required by approved CanopyProof slices,EXCLUDED,path_and_boundary_reviewed
dropin-earth/packages/dropin-cognition/src/environmental-graph.ts,untracked,X non-R0-dropin-package,exclude,separate Dropin prototype/package is not required by approved CanopyProof slices,EXCLUDED,path_and_boundary_reviewed
dropin-earth/packages/dropin-cognition/src/index.ts,untracked,X non-R0-dropin-package,exclude,separate Dropin prototype/package is not required by approved CanopyProof slices,EXCLUDED,path_and_boundary_reviewed
dropin-earth/packages/dropin-cognition/src/security.ts,untracked,X non-R0-dropin-package,exclude,separate Dropin prototype/package is not required by approved CanopyProof slices,EXCLUDED,path_and_boundary_reviewed
dropin-earth/packages/dropin-cognition/src/settlement.ts,untracked,X non-R0-dropin-package,exclude,separate Dropin prototype/package is not required by approved CanopyProof slices,EXCLUDED,path_and_boundary_reviewed
dropin-earth/packages/dropin-cognition/src/types.ts,untracked,X non-R0-dropin-package,exclude,separate Dropin prototype/package is not required by approved CanopyProof slices,EXCLUDED,path_and_boundary_reviewed
dropin-earth/packages/dropin-cognition/src/utils.ts,untracked,X non-R0-dropin-package,exclude,separate Dropin prototype/package is not required by approved CanopyProof slices,EXCLUDED,path_and_boundary_reviewed
dropin-earth/packages/dropin-cognition/src/verification.ts,untracked,X non-R0-dropin-package,exclude,separate Dropin prototype/package is not required by approved CanopyProof slices,EXCLUDED,path_and_boundary_reviewed
dropin-earth/packages/dropin-cognition/src/world-model.ts,untracked,X non-R0-dropin-package,exclude,separate Dropin prototype/package is not required by approved CanopyProof slices,EXCLUDED,path_and_boundary_reviewed
dropin-earth/packages/dropin-cognition/tsconfig.json,untracked,X non-R0-dropin-package,exclude,separate Dropin prototype/package is not required by approved CanopyProof slices,EXCLUDED,path_and_boundary_reviewed
dropin-earth/packages/dropin-dashboard/package.json,untracked,X non-R0-dropin-package,exclude,separate Dropin prototype/package is not required by approved CanopyProof slices,EXCLUDED,path_and_boundary_reviewed
dropin-earth/packages/dropin-dashboard/src/data/challengeMetricsAdapter.ts,untracked,X non-R0-dropin-package,exclude,separate Dropin prototype/package is not required by approved CanopyProof slices,EXCLUDED,path_and_boundary_reviewed
dropin-earth/packages/dropin-dashboard/src/data/deterministic.ts,untracked,X non-R0-dropin-package,exclude,separate Dropin prototype/package is not required by approved CanopyProof slices,EXCLUDED,path_and_boundary_reviewed
dropin-earth/packages/dropin-dashboard/src/data/impactMetricsAdapter.ts,untracked,X non-R0-dropin-package,exclude,separate Dropin prototype/package is not required by approved CanopyProof slices,EXCLUDED,path_and_boundary_reviewed
dropin-earth/packages/dropin-dashboard/src/data/satelliteFeedAdapter.ts,untracked,X non-R0-dropin-package,exclude,separate Dropin prototype/package is not required by approved CanopyProof slices,EXCLUDED,path_and_boundary_reviewed
dropin-earth/packages/dropin-dashboard/src/data/treasuryMetricsAdapter.ts,untracked,X non-R0-dropin-package,exclude,separate Dropin prototype/package is not required by approved CanopyProof slices,EXCLUDED,path_and_boundary_reviewed
dropin-earth/packages/dropin-dashboard/src/data/validatorMetricsAdapter.ts,untracked,X non-R0-dropin-package,exclude,separate Dropin prototype/package is not required by approved CanopyProof slices,EXCLUDED,path_and_boundary_reviewed
dropin-earth/packages/dropin-dashboard/src/index.ts,untracked,X non-R0-dropin-package,exclude,separate Dropin prototype/package is not required by approved CanopyProof slices,EXCLUDED,path_and_boundary_reviewed
dropin-earth/packages/dropin-dashboard/src/safety.ts,untracked,X non-R0-dropin-package,exclude,separate Dropin prototype/package is not required by approved CanopyProof slices,EXCLUDED,path_and_boundary_reviewed
dropin-earth/packages/dropin-dashboard/src/types.ts,untracked,X non-R0-dropin-package,exclude,separate Dropin prototype/package is not required by approved CanopyProof slices,EXCLUDED,path_and_boundary_reviewed
dropin-earth/packages/dropin-dashboard/src/widgets/carbon-flow-widget.tsx,untracked,X non-R0-dropin-package,exclude,separate Dropin prototype/package is not required by approved CanopyProof slices,EXCLUDED,path_and_boundary_reviewed
dropin-earth/packages/dropin-dashboard/src/widgets/challenge-alert-widget.tsx,untracked,X non-R0-dropin-package,exclude,separate Dropin prototype/package is not required by approved CanopyProof slices,EXCLUDED,path_and_boundary_reviewed
dropin-earth/packages/dropin-dashboard/src/widgets/impact-ticker.tsx,untracked,X non-R0-dropin-package,exclude,separate Dropin prototype/package is not required by approved CanopyProof slices,EXCLUDED,path_and_boundary_reviewed
dropin-earth/packages/dropin-dashboard/src/widgets/region-health-widget.tsx,untracked,X non-R0-dropin-package,exclude,separate Dropin prototype/package is not required by approved CanopyProof slices,EXCLUDED,path_and_boundary_reviewed
dropin-earth/packages/dropin-dashboard/src/widgets/shared.tsx,untracked,X non-R0-dropin-package,exclude,separate Dropin prototype/package is not required by approved CanopyProof slices,EXCLUDED,path_and_boundary_reviewed
dropin-earth/packages/dropin-dashboard/src/widgets/tree-survival-widget.tsx,untracked,X non-R0-dropin-package,exclude,separate Dropin prototype/package is not required by approved CanopyProof slices,EXCLUDED,path_and_boundary_reviewed
dropin-earth/packages/dropin-dashboard/src/widgets/validator-status-widget.tsx,untracked,X non-R0-dropin-package,exclude,separate Dropin prototype/package is not required by approved CanopyProof slices,EXCLUDED,path_and_boundary_reviewed
dropin-earth/packages/dropin-dashboard/tsconfig.json,untracked,X non-R0-dropin-package,exclude,separate Dropin prototype/package is not required by approved CanopyProof slices,EXCLUDED,path_and_boundary_reviewed
dropin-earth/packages/dropin-feeds/package.json,untracked,X non-R0-dropin-package,exclude,separate Dropin prototype/package is not required by approved CanopyProof slices,EXCLUDED,path_and_boundary_reviewed
dropin-earth/packages/dropin-feeds/src/environmental-feed.ts,untracked,X non-R0-dropin-package,exclude,separate Dropin prototype/package is not required by approved CanopyProof slices,EXCLUDED,path_and_boundary_reviewed
dropin-earth/packages/dropin-feeds/src/index.ts,untracked,X non-R0-dropin-package,exclude,separate Dropin prototype/package is not required by approved CanopyProof slices,EXCLUDED,path_and_boundary_reviewed
dropin-earth/packages/dropin-feeds/tsconfig.json,untracked,X non-R0-dropin-package,exclude,separate Dropin prototype/package is not required by approved CanopyProof slices,EXCLUDED,path_and_boundary_reviewed
dropin-earth/packages/dropin-gateway/package.json,untracked,X non-R0-dropin-package,exclude,separate Dropin prototype/package is not required by approved CanopyProof slices,EXCLUDED,path_and_boundary_reviewed
dropin-earth/packages/dropin-gateway/src/gateway.ts,untracked,X non-R0-dropin-package,exclude,separate Dropin prototype/package is not required by approved CanopyProof slices,EXCLUDED,path_and_boundary_reviewed
dropin-earth/packages/dropin-gateway/src/index.ts,untracked,X non-R0-dropin-package,exclude,separate Dropin prototype/package is not required by approved CanopyProof slices,EXCLUDED,path_and_boundary_reviewed
dropin-earth/packages/dropin-gateway/src/types.ts,untracked,X non-R0-dropin-package,exclude,separate Dropin prototype/package is not required by approved CanopyProof slices,EXCLUDED,path_and_boundary_reviewed
dropin-earth/packages/dropin-gateway/src/utils.ts,untracked,X non-R0-dropin-package,exclude,separate Dropin prototype/package is not required by approved CanopyProof slices,EXCLUDED,path_and_boundary_reviewed
dropin-earth/packages/dropin-gateway/tsconfig.json,untracked,X non-R0-dropin-package,exclude,separate Dropin prototype/package is not required by approved CanopyProof slices,EXCLUDED,path_and_boundary_reviewed
dropin-earth/packages/dropin-growth/package.json,untracked,X non-R0-dropin-package,exclude,separate Dropin prototype/package is not required by approved CanopyProof slices,EXCLUDED,path_and_boundary_reviewed
dropin-earth/packages/dropin-growth/src/campaign-builder.ts,untracked,X non-R0-dropin-package,exclude,separate Dropin prototype/package is not required by approved CanopyProof slices,EXCLUDED,path_and_boundary_reviewed
dropin-earth/packages/dropin-growth/src/cli.ts,untracked,X non-R0-dropin-package,exclude,separate Dropin prototype/package is not required by approved CanopyProof slices,EXCLUDED,path_and_boundary_reviewed
dropin-earth/packages/dropin-growth/src/consent.ts,untracked,X non-R0-dropin-package,exclude,separate Dropin prototype/package is not required by approved CanopyProof slices,EXCLUDED,path_and_boundary_reviewed
dropin-earth/packages/dropin-growth/src/growth-risk.ts,untracked,X non-R0-dropin-package,exclude,separate Dropin prototype/package is not required by approved CanopyProof slices,EXCLUDED,path_and_boundary_reviewed
dropin-earth/packages/dropin-growth/src/index.ts,untracked,X non-R0-dropin-package,exclude,separate Dropin prototype/package is not required by approved CanopyProof slices,EXCLUDED,path_and_boundary_reviewed
dropin-earth/packages/dropin-growth/src/metathreads.ts,untracked,X non-R0-dropin-package,exclude,separate Dropin prototype/package is not required by approved CanopyProof slices,EXCLUDED,path_and_boundary_reviewed
dropin-earth/packages/dropin-growth/src/outreach.ts,untracked,X non-R0-dropin-package,exclude,separate Dropin prototype/package is not required by approved CanopyProof slices,EXCLUDED,path_and_boundary_reviewed
dropin-earth/packages/dropin-growth/src/treasury-copilot.ts,untracked,X non-R0-dropin-package,exclude,separate Dropin prototype/package is not required by approved CanopyProof slices,EXCLUDED,path_and_boundary_reviewed
dropin-earth/packages/dropin-growth/src/types.ts,untracked,X non-R0-dropin-package,exclude,separate Dropin prototype/package is not required by approved CanopyProof slices,EXCLUDED,path_and_boundary_reviewed
dropin-earth/packages/dropin-growth/src/utils.ts,untracked,X non-R0-dropin-package,exclude,separate Dropin prototype/package is not required by approved CanopyProof slices,EXCLUDED,path_and_boundary_reviewed
dropin-earth/packages/dropin-growth/tsconfig.json,untracked,X non-R0-dropin-package,exclude,separate Dropin prototype/package is not required by approved CanopyProof slices,EXCLUDED,path_and_boundary_reviewed
dropin-earth/packages/dropin-memory/package.json,untracked,X non-R0-dropin-package,exclude,separate Dropin prototype/package is not required by approved CanopyProof slices,EXCLUDED,path_and_boundary_reviewed
dropin-earth/packages/dropin-memory/src/cli.ts,untracked,X non-R0-dropin-package,exclude,separate Dropin prototype/package is not required by approved CanopyProof slices,EXCLUDED,path_and_boundary_reviewed
dropin-earth/packages/dropin-memory/src/index.ts,untracked,X non-R0-dropin-package,exclude,separate Dropin prototype/package is not required by approved CanopyProof slices,EXCLUDED,path_and_boundary_reviewed
dropin-earth/packages/dropin-memory/src/ingestion.ts,untracked,X non-R0-dropin-package,exclude,separate Dropin prototype/package is not required by approved CanopyProof slices,EXCLUDED,path_and_boundary_reviewed
dropin-earth/packages/dropin-memory/src/memory-risk.ts,untracked,X non-R0-dropin-package,exclude,separate Dropin prototype/package is not required by approved CanopyProof slices,EXCLUDED,path_and_boundary_reviewed
dropin-earth/packages/dropin-memory/src/multimodal.ts,untracked,X non-R0-dropin-package,exclude,separate Dropin prototype/package is not required by approved CanopyProof slices,EXCLUDED,path_and_boundary_reviewed
dropin-earth/packages/dropin-memory/src/rag-answer.ts,untracked,X non-R0-dropin-package,exclude,separate Dropin prototype/package is not required by approved CanopyProof slices,EXCLUDED,path_and_boundary_reviewed
dropin-earth/packages/dropin-memory/src/retrieval.ts,untracked,X non-R0-dropin-package,exclude,separate Dropin prototype/package is not required by approved CanopyProof slices,EXCLUDED,path_and_boundary_reviewed
dropin-earth/packages/dropin-memory/src/types.ts,untracked,X non-R0-dropin-package,exclude,separate Dropin prototype/package is not required by approved CanopyProof slices,EXCLUDED,path_and_boundary_reviewed
dropin-earth/packages/dropin-memory/src/utils.ts,untracked,X non-R0-dropin-package,exclude,separate Dropin prototype/package is not required by approved CanopyProof slices,EXCLUDED,path_and_boundary_reviewed
dropin-earth/packages/dropin-memory/tsconfig.json,untracked,X non-R0-dropin-package,exclude,separate Dropin prototype/package is not required by approved CanopyProof slices,EXCLUDED,path_and_boundary_reviewed
dropin-earth/packages/dropin-messenger/package.json,untracked,X non-R0-dropin-package,exclude,separate Dropin prototype/package is not required by approved CanopyProof slices,EXCLUDED,path_and_boundary_reviewed
dropin-earth/packages/dropin-messenger/src/index.ts,untracked,X non-R0-dropin-package,exclude,separate Dropin prototype/package is not required by approved CanopyProof slices,EXCLUDED,path_and_boundary_reviewed
dropin-earth/packages/dropin-messenger/src/messenger.ts,untracked,X non-R0-dropin-package,exclude,separate Dropin prototype/package is not required by approved CanopyProof slices,EXCLUDED,path_and_boundary_reviewed
dropin-earth/packages/dropin-messenger/src/types.ts,untracked,X non-R0-dropin-package,exclude,separate Dropin prototype/package is not required by approved CanopyProof slices,EXCLUDED,path_and_boundary_reviewed
dropin-earth/packages/dropin-messenger/tsconfig.json,untracked,X non-R0-dropin-package,exclude,separate Dropin prototype/package is not required by approved CanopyProof slices,EXCLUDED,path_and_boundary_reviewed
dropin-earth/packages/dropin-omnichain/package.json,untracked,X non-R0-dropin-package,exclude,separate Dropin prototype/package is not required by approved CanopyProof slices,EXCLUDED,path_and_boundary_reviewed
dropin-earth/packages/dropin-omnichain/src/index.ts,untracked,X non-R0-dropin-package,exclude,separate Dropin prototype/package is not required by approved CanopyProof slices,EXCLUDED,path_and_boundary_reviewed
dropin-earth/packages/dropin-omnichain/src/messaging.ts,untracked,X non-R0-dropin-package,exclude,separate Dropin prototype/package is not required by approved CanopyProof slices,EXCLUDED,path_and_boundary_reviewed
dropin-earth/packages/dropin-omnichain/tsconfig.json,untracked,X non-R0-dropin-package,exclude,separate Dropin prototype/package is not required by approved CanopyProof slices,EXCLUDED,path_and_boundary_reviewed
dropin-earth/packages/dropin-operations-risk/package.json,untracked,X non-R0-dropin-package,exclude,separate Dropin prototype/package is not required by approved CanopyProof slices,EXCLUDED,path_and_boundary_reviewed
dropin-earth/packages/dropin-operations-risk/src/index.ts,untracked,X non-R0-dropin-package,exclude,separate Dropin prototype/package is not required by approved CanopyProof slices,EXCLUDED,path_and_boundary_reviewed
dropin-earth/packages/dropin-operations-risk/src/risk.ts,untracked,X non-R0-dropin-package,exclude,separate Dropin prototype/package is not required by approved CanopyProof slices,EXCLUDED,path_and_boundary_reviewed
dropin-earth/packages/dropin-operations-risk/tsconfig.json,untracked,X non-R0-dropin-package,exclude,separate Dropin prototype/package is not required by approved CanopyProof slices,EXCLUDED,path_and_boundary_reviewed
dropin-earth/packages/dropin-p2p/package.json,untracked,X non-R0-dropin-package,exclude,separate Dropin prototype/package is not required by approved CanopyProof slices,EXCLUDED,path_and_boundary_reviewed
dropin-earth/packages/dropin-p2p/src/index.ts,untracked,X non-R0-dropin-package,exclude,separate Dropin prototype/package is not required by approved CanopyProof slices,EXCLUDED,path_and_boundary_reviewed
dropin-earth/packages/dropin-p2p/src/mesh.ts,untracked,X non-R0-dropin-package,exclude,separate Dropin prototype/package is not required by approved CanopyProof slices,EXCLUDED,path_and_boundary_reviewed
dropin-earth/packages/dropin-p2p/tsconfig.json,untracked,X non-R0-dropin-package,exclude,separate Dropin prototype/package is not required by approved CanopyProof slices,EXCLUDED,path_and_boundary_reviewed
dropin-earth/packages/dropin-production/package.json,untracked,X non-R0-dropin-package,exclude,separate Dropin prototype/package is not required by approved CanopyProof slices,EXCLUDED,path_and_boundary_reviewed
dropin-earth/packages/dropin-production/src/env.ts,untracked,X non-R0-dropin-package,exclude,separate Dropin prototype/package is not required by approved CanopyProof slices,EXCLUDED,path_and_boundary_reviewed
dropin-earth/packages/dropin-production/src/index.ts,untracked,X non-R0-dropin-package,exclude,separate Dropin prototype/package is not required by approved CanopyProof slices,EXCLUDED,path_and_boundary_reviewed
dropin-earth/packages/dropin-production/src/launch-gate.ts,untracked,X non-R0-dropin-package,exclude,separate Dropin prototype/package is not required by approved CanopyProof slices,EXCLUDED,path_and_boundary_reviewed
dropin-earth/packages/dropin-production/src/phase16-readiness.ts,untracked,X non-R0-dropin-package,exclude,separate Dropin prototype/package is not required by approved CanopyProof slices,EXCLUDED,path_and_boundary_reviewed
dropin-earth/packages/dropin-production/src/phase17-readiness.ts,untracked,X non-R0-dropin-package,exclude,separate Dropin prototype/package is not required by approved CanopyProof slices,EXCLUDED,path_and_boundary_reviewed
dropin-earth/packages/dropin-production/src/types.ts,untracked,X non-R0-dropin-package,exclude,separate Dropin prototype/package is not required by approved CanopyProof slices,EXCLUDED,path_and_boundary_reviewed
dropin-earth/packages/dropin-production/src/workflow.ts,untracked,X non-R0-dropin-package,exclude,separate Dropin prototype/package is not required by approved CanopyProof slices,EXCLUDED,path_and_boundary_reviewed
dropin-earth/packages/dropin-production/tsconfig.json,untracked,X non-R0-dropin-package,exclude,separate Dropin prototype/package is not required by approved CanopyProof slices,EXCLUDED,path_and_boundary_reviewed
dropin-earth/packages/dropin-protocol-security/package.json,untracked,X non-R0-dropin-package,exclude,separate Dropin prototype/package is not required by approved CanopyProof slices,EXCLUDED,path_and_boundary_reviewed
dropin-earth/packages/dropin-protocol-security/src/audit-checks.ts,untracked,X non-R0-dropin-package,exclude,separate Dropin prototype/package is not required by approved CanopyProof slices,EXCLUDED,path_and_boundary_reviewed
dropin-earth/packages/dropin-protocol-security/src/index.ts,untracked,X non-R0-dropin-package,exclude,separate Dropin prototype/package is not required by approved CanopyProof slices,EXCLUDED,path_and_boundary_reviewed
dropin-earth/packages/dropin-protocol-security/tsconfig.json,untracked,X non-R0-dropin-package,exclude,separate Dropin prototype/package is not required by approved CanopyProof slices,EXCLUDED,path_and_boundary_reviewed
dropin-earth/packages/dropin-protocol/package.json,untracked,B satellite-proof,include,minimal protocol package scaffold required by the deterministic satellite state machine,PENDING_B_SATELLITE_PROOF,pending_clean_replay
dropin-earth/packages/dropin-protocol/src/canopy-state-machine.ts,untracked,B satellite-proof,include,deterministic three-layer satellite proof and replay,PENDING_B_SATELLITE_PROOF,pending_clean_replay
dropin-earth/packages/dropin-protocol/src/challenge.ts,untracked,X non-R0-protocol-surface,exclude,"unrelated settlement, AHIN, CLI, and security prototype code is outside the approved satellite state-machine slice",EXCLUDED,path_and_boundary_reviewed
dropin-earth/packages/dropin-protocol/src/cli.ts,untracked,X non-R0-protocol-surface,exclude,"unrelated settlement, AHIN, CLI, and security prototype code is outside the approved satellite state-machine slice",EXCLUDED,path_and_boundary_reviewed
dropin-earth/packages/dropin-protocol/src/edge-agents.ts,untracked,X non-R0-protocol-surface,exclude,"unrelated settlement, AHIN, CLI, and security prototype code is outside the approved satellite state-machine slice",EXCLUDED,path_and_boundary_reviewed
dropin-earth/packages/dropin-protocol/src/environmental-settlement.ts,untracked,X non-R0-protocol-surface,exclude,"unrelated settlement, AHIN, CLI, and security prototype code is outside the approved satellite state-machine slice",EXCLUDED,path_and_boundary_reviewed
dropin-earth/packages/dropin-protocol/src/impact-root.ts,untracked,X non-R0-protocol-surface,exclude,"unrelated settlement, AHIN, CLI, and security prototype code is outside the approved satellite state-machine slice",EXCLUDED,path_and_boundary_reviewed
dropin-earth/packages/dropin-protocol/src/index.ts,untracked,B satellite-proof,include,minimal protocol package scaffold required by the deterministic satellite state machine,PENDING_B_SATELLITE_PROOF,pending_clean_replay
dropin-earth/packages/dropin-protocol/src/pocc-ahin.ts,untracked,X non-R0-protocol-surface,exclude,"unrelated settlement, AHIN, CLI, and security prototype code is outside the approved satellite state-machine slice",EXCLUDED,path_and_boundary_reviewed
dropin-earth/packages/dropin-protocol/src/security-scoring.ts,untracked,X non-R0-protocol-surface,exclude,"unrelated settlement, AHIN, CLI, and security prototype code is outside the approved satellite state-machine slice",EXCLUDED,path_and_boundary_reviewed
dropin-earth/packages/dropin-protocol/src/types.ts,untracked,X non-R0-protocol-surface,exclude,"unrelated settlement, AHIN, CLI, and security prototype code is outside the approved satellite state-machine slice",EXCLUDED,path_and_boundary_reviewed
dropin-earth/packages/dropin-protocol/src/utils.ts,untracked,X non-R0-protocol-surface,exclude,"unrelated settlement, AHIN, CLI, and security prototype code is outside the approved satellite state-machine slice",EXCLUDED,path_and_boundary_reviewed
dropin-earth/packages/dropin-protocol/src/verification.ts,untracked,X non-R0-protocol-surface,exclude,"unrelated settlement, AHIN, CLI, and security prototype code is outside the approved satellite state-machine slice",EXCLUDED,path_and_boundary_reviewed
dropin-earth/packages/dropin-protocol/tsconfig.json,untracked,B satellite-proof,include,minimal protocol package scaffold required by the deterministic satellite state machine,PENDING_B_SATELLITE_PROOF,pending_clean_replay
dropin-earth/packages/dropin-randomness/package.json,untracked,X non-R0-dropin-package,exclude,separate Dropin prototype/package is not required by approved CanopyProof slices,EXCLUDED,path_and_boundary_reviewed
dropin-earth/packages/dropin-randomness/src/index.ts,untracked,X non-R0-dropin-package,exclude,separate Dropin prototype/package is not required by approved CanopyProof slices,EXCLUDED,path_and_boundary_reviewed
dropin-earth/packages/dropin-randomness/src/oracle-randomness.ts,untracked,X non-R0-dropin-package,exclude,separate Dropin prototype/package is not required by approved CanopyProof slices,EXCLUDED,path_and_boundary_reviewed
dropin-earth/packages/dropin-randomness/src/sybil.ts,untracked,X non-R0-dropin-package,exclude,separate Dropin prototype/package is not required by approved CanopyProof slices,EXCLUDED,path_and_boundary_reviewed
dropin-earth/packages/dropin-randomness/src/types.ts,untracked,X non-R0-dropin-package,exclude,separate Dropin prototype/package is not required by approved CanopyProof slices,EXCLUDED,path_and_boundary_reviewed
dropin-earth/packages/dropin-randomness/tsconfig.json,untracked,X non-R0-dropin-package,exclude,separate Dropin prototype/package is not required by approved CanopyProof slices,EXCLUDED,path_and_boundary_reviewed
dropin-earth/packages/dropin-realtime/package.json,untracked,X non-R0-dropin-package,exclude,separate Dropin prototype/package is not required by approved CanopyProof slices,EXCLUDED,path_and_boundary_reviewed
dropin-earth/packages/dropin-realtime/src/challenge-propagation.ts,untracked,X non-R0-dropin-package,exclude,separate Dropin prototype/package is not required by approved CanopyProof slices,EXCLUDED,path_and_boundary_reviewed
dropin-earth/packages/dropin-realtime/src/cli.ts,untracked,X non-R0-dropin-package,exclude,separate Dropin prototype/package is not required by approved CanopyProof slices,EXCLUDED,path_and_boundary_reviewed
dropin-earth/packages/dropin-realtime/src/event-stream.ts,untracked,X non-R0-dropin-package,exclude,separate Dropin prototype/package is not required by approved CanopyProof slices,EXCLUDED,path_and_boundary_reviewed
dropin-earth/packages/dropin-realtime/src/index.ts,untracked,X non-R0-dropin-package,exclude,separate Dropin prototype/package is not required by approved CanopyProof slices,EXCLUDED,path_and_boundary_reviewed
dropin-earth/packages/dropin-realtime/src/orderbook.ts,untracked,X non-R0-dropin-package,exclude,separate Dropin prototype/package is not required by approved CanopyProof slices,EXCLUDED,path_and_boundary_reviewed
dropin-earth/packages/dropin-realtime/src/risk-engine.ts,untracked,X non-R0-dropin-package,exclude,separate Dropin prototype/package is not required by approved CanopyProof slices,EXCLUDED,path_and_boundary_reviewed
dropin-earth/packages/dropin-realtime/src/router.ts,untracked,X non-R0-dropin-package,exclude,separate Dropin prototype/package is not required by approved CanopyProof slices,EXCLUDED,path_and_boundary_reviewed
dropin-earth/packages/dropin-realtime/src/types.ts,untracked,X non-R0-dropin-package,exclude,separate Dropin prototype/package is not required by approved CanopyProof slices,EXCLUDED,path_and_boundary_reviewed
dropin-earth/packages/dropin-realtime/src/utils.ts,untracked,X non-R0-dropin-package,exclude,separate Dropin prototype/package is not required by approved CanopyProof slices,EXCLUDED,path_and_boundary_reviewed
dropin-earth/packages/dropin-realtime/src/validator-feed.ts,untracked,X non-R0-dropin-package,exclude,separate Dropin prototype/package is not required by approved CanopyProof slices,EXCLUDED,path_and_boundary_reviewed
dropin-earth/packages/dropin-realtime/tsconfig.json,untracked,X non-R0-dropin-package,exclude,separate Dropin prototype/package is not required by approved CanopyProof slices,EXCLUDED,path_and_boundary_reviewed
dropin-earth/packages/dropin-scheduler/package.json,untracked,X non-R0-dropin-package,exclude,separate Dropin prototype/package is not required by approved CanopyProof slices,EXCLUDED,path_and_boundary_reviewed
dropin-earth/packages/dropin-scheduler/src/index.ts,untracked,X non-R0-dropin-package,exclude,separate Dropin prototype/package is not required by approved CanopyProof slices,EXCLUDED,path_and_boundary_reviewed
dropin-earth/packages/dropin-scheduler/src/scheduler.ts,untracked,X non-R0-dropin-package,exclude,separate Dropin prototype/package is not required by approved CanopyProof slices,EXCLUDED,path_and_boundary_reviewed
dropin-earth/packages/dropin-scheduler/tsconfig.json,untracked,X non-R0-dropin-package,exclude,separate Dropin prototype/package is not required by approved CanopyProof slices,EXCLUDED,path_and_boundary_reviewed
dropin-earth/packages/dropin-security/package.json,untracked,X non-R0-dropin-package,exclude,separate Dropin prototype/package is not required by approved CanopyProof slices,EXCLUDED,path_and_boundary_reviewed
dropin-earth/packages/dropin-security/src/cli.ts,untracked,X non-R0-dropin-package,exclude,separate Dropin prototype/package is not required by approved CanopyProof slices,EXCLUDED,path_and_boundary_reviewed
dropin-earth/packages/dropin-security/src/environmental-settlement.ts,untracked,X non-R0-dropin-package,exclude,separate Dropin prototype/package is not required by approved CanopyProof slices,EXCLUDED,path_and_boundary_reviewed
dropin-earth/packages/dropin-security/src/impact-verification.ts,untracked,X non-R0-dropin-package,exclude,separate Dropin prototype/package is not required by approved CanopyProof slices,EXCLUDED,path_and_boundary_reviewed
dropin-earth/packages/dropin-security/src/index.ts,untracked,X non-R0-dropin-package,exclude,separate Dropin prototype/package is not required by approved CanopyProof slices,EXCLUDED,path_and_boundary_reviewed
dropin-earth/packages/dropin-security/src/schema.ts,untracked,X non-R0-dropin-package,exclude,separate Dropin prototype/package is not required by approved CanopyProof slices,EXCLUDED,path_and_boundary_reviewed
dropin-earth/packages/dropin-security/src/scoring.ts,untracked,X non-R0-dropin-package,exclude,separate Dropin prototype/package is not required by approved CanopyProof slices,EXCLUDED,path_and_boundary_reviewed
dropin-earth/packages/dropin-security/src/utils.ts,untracked,X non-R0-dropin-package,exclude,separate Dropin prototype/package is not required by approved CanopyProof slices,EXCLUDED,path_and_boundary_reviewed
dropin-earth/packages/dropin-security/tsconfig.json,untracked,X non-R0-dropin-package,exclude,separate Dropin prototype/package is not required by approved CanopyProof slices,EXCLUDED,path_and_boundary_reviewed
dropin-earth/packages/dropin-treasury/package.json,untracked,X non-R0-dropin-package,exclude,separate Dropin prototype/package is not required by approved CanopyProof slices,EXCLUDED,path_and_boundary_reviewed
dropin-earth/packages/dropin-treasury/src/environmental-smart-account.ts,untracked,X non-R0-dropin-package,exclude,separate Dropin prototype/package is not required by approved CanopyProof slices,EXCLUDED,path_and_boundary_reviewed
dropin-earth/packages/dropin-treasury/src/index.ts,untracked,X non-R0-dropin-package,exclude,separate Dropin prototype/package is not required by approved CanopyProof slices,EXCLUDED,path_and_boundary_reviewed
dropin-earth/packages/dropin-treasury/tsconfig.json,untracked,X non-R0-dropin-package,exclude,separate Dropin prototype/package is not required by approved CanopyProof slices,EXCLUDED,path_and_boundary_reviewed
dropin-earth/packages/dropin-wallet-ux/package.json,untracked,X non-R0-dropin-package,exclude,separate Dropin prototype/package is not required by approved CanopyProof slices,EXCLUDED,path_and_boundary_reviewed
dropin-earth/packages/dropin-wallet-ux/src/index.ts,untracked,X non-R0-dropin-package,exclude,separate Dropin prototype/package is not required by approved CanopyProof slices,EXCLUDED,path_and_boundary_reviewed
dropin-earth/packages/dropin-wallet-ux/src/policies.ts,untracked,X non-R0-dropin-package,exclude,separate Dropin prototype/package is not required by approved CanopyProof slices,EXCLUDED,path_and_boundary_reviewed
dropin-earth/packages/dropin-wallet-ux/tsconfig.json,untracked,X non-R0-dropin-package,exclude,separate Dropin prototype/package is not required by approved CanopyProof slices,EXCLUDED,path_and_boundary_reviewed
dropin-earth/packages/hooks/package.json,untracked,X non-R0-dropin-package,exclude,"unused mixed prototype hooks include payment, lottery, RWA, and PoCC/AHIN demo authority outside R0",EXCLUDED,path_and_boundary_reviewed
dropin-earth/packages/hooks/src/global-e2e.ts,untracked,X non-R0-dropin-package,exclude,"unused mixed prototype hooks include payment, lottery, RWA, and PoCC/AHIN demo authority outside R0",EXCLUDED,path_and_boundary_reviewed
dropin-earth/packages/hooks/src/index.ts,untracked,X non-R0-dropin-package,exclude,"unused mixed prototype hooks include payment, lottery, RWA, and PoCC/AHIN demo authority outside R0",EXCLUDED,path_and_boundary_reviewed
dropin-earth/packages/hooks/tsconfig.json,untracked,X non-R0-dropin-package,exclude,"unused mixed prototype hooks include payment, lottery, RWA, and PoCC/AHIN demo authority outside R0",EXCLUDED,path_and_boundary_reviewed
dropin-earth/packages/life-plus-plus/package.json,untracked,X non-R0-dropin-package,exclude,separate Dropin prototype/package is not required by approved CanopyProof slices,EXCLUDED,path_and_boundary_reviewed
dropin-earth/packages/life-plus-plus/README.md,untracked,X non-R0-dropin-package,exclude,separate Dropin prototype/package is not required by approved CanopyProof slices,EXCLUDED,path_and_boundary_reviewed
dropin-earth/packages/life-plus-plus/src/ahin.ts,untracked,X non-R0-dropin-package,exclude,separate Dropin prototype/package is not required by approved CanopyProof slices,EXCLUDED,path_and_boundary_reviewed
dropin-earth/packages/life-plus-plus/src/chainrank.ts,untracked,X non-R0-dropin-package,exclude,separate Dropin prototype/package is not required by approved CanopyProof slices,EXCLUDED,path_and_boundary_reviewed
dropin-earth/packages/life-plus-plus/src/index.ts,untracked,X non-R0-dropin-package,exclude,separate Dropin prototype/package is not required by approved CanopyProof slices,EXCLUDED,path_and_boundary_reviewed
dropin-earth/packages/life-plus-plus/src/pocc.ts,untracked,X non-R0-dropin-package,exclude,separate Dropin prototype/package is not required by approved CanopyProof slices,EXCLUDED,path_and_boundary_reviewed
dropin-earth/packages/life-plus-plus/src/types.ts,untracked,X non-R0-dropin-package,exclude,separate Dropin prototype/package is not required by approved CanopyProof slices,EXCLUDED,path_and_boundary_reviewed
dropin-earth/packages/life-plus-plus/tsconfig.json,untracked,X non-R0-dropin-package,exclude,separate Dropin prototype/package is not required by approved CanopyProof slices,EXCLUDED,path_and_boundary_reviewed
dropin-earth/packages/schemas/package.json,tracked_modified,S shared-build-plumbing,include,shared manifest must evolve minimally with each independently validated authority slice,PENDING_S_SHARED_BUILD_PLUMBING,pending_clean_replay
dropin-earth/packages/schemas/src/canopyproof-global-command-center.schema.ts,untracked,C global-command-center,include,privacy-minimized global command center authority,PENDING_C_GLOBAL_COMMAND_CENTER,pending_clean_replay
dropin-earth/packages/schemas/src/canopyproof-mobile-evidence.schema.ts,untracked,D mobile-evidence-vault,include,authority code or validation owned by its dependency-complete subsystem,PENDING_D_MOBILE_EVIDENCE_VAULT,pending_clean_replay
dropin-earth/packages/schemas/src/canopyproof-public-explorer.schema.ts,untracked,C global-command-center,include,privacy-minimized global command center authority,PENDING_C_GLOBAL_COMMAND_CENTER,pending_clean_replay
dropin-earth/packages/schemas/src/index.ts,tracked_modified,X mixed-legacy-product-entrypoint,exclude,tracked file mixes approved CanopyProof work with unrelated Phase 16 product or deployment code; retain committed base,EXCLUDED,path_and_boundary_reviewed
dropin-earth/packages/schemas/src/satellite-proof.schema.ts,untracked,B satellite-proof,include,deterministic three-layer satellite proof and replay,PENDING_B_SATELLITE_PROOF,pending_clean_replay
dropin-earth/packages/ui/src/index.tsx,tracked_modified,S shared-build-plumbing,include,shared manifest must evolve minimally with each independently validated authority slice,PENDING_S_SHARED_BUILD_PLUMBING,pending_clean_replay
dropin-earth/PHASE1_REVIEW.md,untracked,X legacy-production-automation,exclude,"legacy phase, deploy, testnet, or production automation is excluded",EXCLUDED,path_and_boundary_reviewed
dropin-earth/README.md,tracked_modified,X legacy-or-product-documentation,exclude,"cross-phase product, deployment, and prototype narrative is outside the R0 atomic baseline",EXCLUDED,path_and_boundary_reviewed
dropin-earth/reports/npm-audit-moderate.json,tracked_modified,X production-report,exclude,production reports are expressly excluded from Phase R0,EXCLUDED,path_and_boundary_reviewed
dropin-earth/scripts/atomic-workflow-monitor.ts,untracked,X unapproved-or-unclassified,exclude,no explicit Phase R0 allowlist rule,EXCLUDED,path_and_boundary_reviewed
dropin-earth/scripts/check-pocc-ahin.ts,untracked,X legacy-production-automation,exclude,"legacy phase, deploy, testnet, or production automation is excluded",EXCLUDED,path_and_boundary_reviewed
dropin-earth/scripts/cron-local.sh,untracked,X legacy-production-automation,exclude,"legacy phase, deploy, testnet, or production automation is excluded",EXCLUDED,path_and_boundary_reviewed
dropin-earth/scripts/deploy-canopyproof.sh,tracked_modified,X legacy-production-automation,exclude,"legacy phase, deploy, testnet, or production automation is excluded",EXCLUDED,path_and_boundary_reviewed
dropin-earth/scripts/deploy-notify.py,untracked,X legacy-production-automation,exclude,"legacy phase, deploy, testnet, or production automation is excluded",EXCLUDED,path_and_boundary_reviewed
dropin-earth/scripts/deploy-production.ts,untracked,X legacy-production-automation,exclude,"legacy phase, deploy, testnet, or production automation is excluded",EXCLUDED,path_and_boundary_reviewed
dropin-earth/scripts/e2e-demo.ts,untracked,X legacy-production-automation,exclude,"legacy phase, deploy, testnet, or production automation is excluded",EXCLUDED,path_and_boundary_reviewed
dropin-earth/scripts/e2e-dual-track.ts,untracked,X legacy-production-automation,exclude,"legacy phase, deploy, testnet, or production automation is excluded",EXCLUDED,path_and_boundary_reviewed
dropin-earth/scripts/final-launch-attestation.ts,untracked,X unapproved-or-unclassified,exclude,no explicit Phase R0 allowlist rule,EXCLUDED,path_and_boundary_reviewed
dropin-earth/scripts/notify-slack-telegram.ts,untracked,X legacy-production-automation,exclude,"legacy phase, deploy, testnet, or production automation is excluded",EXCLUDED,path_and_boundary_reviewed
dropin-earth/scripts/phase16-production-readiness.ts,untracked,X legacy-production-automation,exclude,"legacy phase, deploy, testnet, or production automation is excluded",EXCLUDED,path_and_boundary_reviewed
dropin-earth/scripts/phase16-ui-proof-deploy-ops.ts,untracked,X legacy-production-automation,exclude,"legacy phase, deploy, testnet, or production automation is excluded",EXCLUDED,path_and_boundary_reviewed
dropin-earth/scripts/phase17-production-readiness.ts,untracked,X legacy-production-automation,exclude,"legacy phase, deploy, testnet, or production automation is excluded",EXCLUDED,path_and_boundary_reviewed
dropin-earth/scripts/production-launch-gate.ts,untracked,X legacy-production-automation,exclude,"legacy phase, deploy, testnet, or production automation is excluded",EXCLUDED,path_and_boundary_reviewed
dropin-earth/scripts/randomness-sybil-monitor.ts,untracked,X legacy-production-automation,exclude,"legacy phase, deploy, testnet, or production automation is excluded",EXCLUDED,path_and_boundary_reviewed
dropin-earth/scripts/record-pocc-ahin.py,untracked,X legacy-production-automation,exclude,"legacy phase, deploy, testnet, or production automation is excluded",EXCLUDED,path_and_boundary_reviewed
dropin-earth/scripts/seed-phase16-data.ts,untracked,X legacy-production-automation,exclude,"legacy phase, deploy, testnet, or production automation is excluded",EXCLUDED,path_and_boundary_reviewed
dropin-earth/scripts/seed-testdata.ts,untracked,X legacy-production-automation,exclude,"legacy phase, deploy, testnet, or production automation is excluded",EXCLUDED,path_and_boundary_reviewed
dropin-earth/scripts/smoke-test.ts,untracked,X unapproved-or-unclassified,exclude,no explicit Phase R0 allowlist rule,EXCLUDED,path_and_boundary_reviewed
dropin-earth/scripts/start-dev.sh,untracked,X legacy-production-automation,exclude,"legacy phase, deploy, testnet, or production automation is excluded",EXCLUDED,path_and_boundary_reviewed
dropin-earth/scripts/start-phase16-cron.sh,untracked,X legacy-production-automation,exclude,"legacy phase, deploy, testnet, or production automation is excluded",EXCLUDED,path_and_boundary_reviewed
dropin-earth/scripts/start-phase16-full.sh,untracked,X legacy-production-automation,exclude,"legacy phase, deploy, testnet, or production automation is excluded",EXCLUDED,path_and_boundary_reviewed
dropin-earth/scripts/start-phase16-local-dashboard.sh,untracked,X legacy-production-automation,exclude,"legacy phase, deploy, testnet, or production automation is excluded",EXCLUDED,path_and_boundary_reviewed
dropin-earth/scripts/start-phase16-local.sh,untracked,X legacy-production-automation,exclude,"legacy phase, deploy, testnet, or production automation is excluded",EXCLUDED,path_and_boundary_reviewed
dropin-earth/scripts/start-prod.sh,untracked,X legacy-production-automation,exclude,"legacy phase, deploy, testnet, or production automation is excluded",EXCLUDED,path_and_boundary_reviewed
dropin-earth/scripts/start-testnet.sh,untracked,X legacy-production-automation,exclude,"legacy phase, deploy, testnet, or production automation is excluded",EXCLUDED,path_and_boundary_reviewed
dropin-earth/services/ahin-collector/db/schema.sql,untracked,X non-R0-service,exclude,separate AHIN collector service is not required for the append-only bridge contract,EXCLUDED,path_and_boundary_reviewed
dropin-earth/services/ahin-collector/Dockerfile,untracked,X non-R0-service,exclude,separate AHIN collector service is not required for the append-only bridge contract,EXCLUDED,path_and_boundary_reviewed
dropin-earth/services/ahin-collector/package.json,untracked,X non-R0-service,exclude,separate AHIN collector service is not required for the append-only bridge contract,EXCLUDED,path_and_boundary_reviewed
dropin-earth/services/ahin-collector/src/event-parser.ts,untracked,X non-R0-service,exclude,separate AHIN collector service is not required for the append-only bridge contract,EXCLUDED,path_and_boundary_reviewed
dropin-earth/services/ahin-collector/src/heartline-writer.ts,untracked,X non-R0-service,exclude,separate AHIN collector service is not required for the append-only bridge contract,EXCLUDED,path_and_boundary_reviewed
dropin-earth/services/ahin-collector/src/index.ts,untracked,X non-R0-service,exclude,separate AHIN collector service is not required for the append-only bridge contract,EXCLUDED,path_and_boundary_reviewed
dropin-earth/services/ahin-collector/src/mqtt-consumer.ts,untracked,X non-R0-service,exclude,separate AHIN collector service is not required for the append-only bridge contract,EXCLUDED,path_and_boundary_reviewed
dropin-earth/services/ahin-collector/src/root-aggregator.ts,untracked,X non-R0-service,exclude,separate AHIN collector service is not required for the append-only bridge contract,EXCLUDED,path_and_boundary_reviewed
dropin-earth/services/ahin-collector/src/types.ts,untracked,X non-R0-service,exclude,separate AHIN collector service is not required for the append-only bridge contract,EXCLUDED,path_and_boundary_reviewed
dropin-earth/services/ahin-collector/tsconfig.json,untracked,X non-R0-service,exclude,separate AHIN collector service is not required for the append-only bridge contract,EXCLUDED,path_and_boundary_reviewed
dropin-earth/services/api/package.json,tracked_modified,S shared-build-plumbing,include,shared manifest must evolve minimally with each independently validated authority slice,PENDING_S_SHARED_BUILD_PLUMBING,pending_clean_replay
dropin-earth/services/api/prisma/canopyproof-os.sql,untracked,H trust-kernel-postgres,include,"canonical trust, governance, proof, audit, or PostgreSQL authority; additive migration or rollback",PENDING_H_TRUST_KERNEL_POSTGRES,pending_clean_replay
dropin-earth/services/api/prisma/early-warning-authority.rollback.sql,untracked,H trust-kernel-postgres,include,"canonical trust, governance, proof, audit, or PostgreSQL authority; additive migration or rollback",PENDING_H_TRUST_KERNEL_POSTGRES,pending_clean_replay
dropin-earth/services/api/prisma/early-warning-authority.sql,untracked,H trust-kernel-postgres,include,"canonical trust, governance, proof, audit, or PostgreSQL authority; additive migration or rollback",PENDING_H_TRUST_KERNEL_POSTGRES,pending_clean_replay
dropin-earth/services/api/prisma/environmental-proof-lifecycle.rollback.sql,untracked,H trust-kernel-postgres,include,"canonical trust, governance, proof, audit, or PostgreSQL authority; additive migration or rollback",PENDING_H_TRUST_KERNEL_POSTGRES,pending_clean_replay
dropin-earth/services/api/prisma/environmental-proof-lifecycle.sql,untracked,H trust-kernel-postgres,include,"canonical trust, governance, proof, audit, or PostgreSQL authority; additive migration or rollback",PENDING_H_TRUST_KERNEL_POSTGRES,pending_clean_replay
dropin-earth/services/api/prisma/esg-metric-authority.rollback.sql,untracked,H trust-kernel-postgres,include,"canonical trust, governance, proof, audit, or PostgreSQL authority; additive migration or rollback",PENDING_H_TRUST_KERNEL_POSTGRES,pending_clean_replay
dropin-earth/services/api/prisma/esg-metric-authority.sql,untracked,H trust-kernel-postgres,include,"canonical trust, governance, proof, audit, or PostgreSQL authority; additive migration or rollback",PENDING_H_TRUST_KERNEL_POSTGRES,pending_clean_replay
dropin-earth/services/api/prisma/esg-reporting-authority.rollback.sql,untracked,H trust-kernel-postgres,include,"canonical trust, governance, proof, audit, or PostgreSQL authority; additive migration or rollback",PENDING_H_TRUST_KERNEL_POSTGRES,pending_clean_replay
dropin-earth/services/api/prisma/esg-reporting-authority.sql,untracked,H trust-kernel-postgres,include,"canonical trust, governance, proof, audit, or PostgreSQL authority; additive migration or rollback",PENDING_H_TRUST_KERNEL_POSTGRES,pending_clean_replay
dropin-earth/services/api/prisma/evidence-device-attestation-adapters.rollback.sql,untracked,G evidence-orchestration,include,authority code or validation owned by its dependency-complete subsystem,PENDING_G_EVIDENCE_ORCHESTRATION,pending_clean_replay
dropin-earth/services/api/prisma/evidence-device-attestation-adapters.sql,untracked,G evidence-orchestration,include,authority code or validation owned by its dependency-complete subsystem,PENDING_G_EVIDENCE_ORCHESTRATION,pending_clean_replay
dropin-earth/services/api/prisma/evidence-media-adapters.rollback.sql,untracked,G evidence-orchestration,include,"existing evidence metadata, media, visual, or observation orchestration; additive migration or rollback",PENDING_G_EVIDENCE_ORCHESTRATION,pending_clean_replay
dropin-earth/services/api/prisma/evidence-media-adapters.sql,untracked,G evidence-orchestration,include,"existing evidence metadata, media, visual, or observation orchestration; additive migration or rollback",PENDING_G_EVIDENCE_ORCHESTRATION,pending_clean_replay
dropin-earth/services/api/prisma/evidence-metadata-adapters.rollback.sql,untracked,G evidence-orchestration,include,"existing evidence metadata, media, visual, or observation orchestration; additive migration or rollback",PENDING_G_EVIDENCE_ORCHESTRATION,pending_clean_replay
dropin-earth/services/api/prisma/evidence-metadata-adapters.sql,untracked,G evidence-orchestration,include,"existing evidence metadata, media, visual, or observation orchestration; additive migration or rollback",PENDING_G_EVIDENCE_ORCHESTRATION,pending_clean_replay
dropin-earth/services/api/prisma/evidence-metadata-orchestration.rollback.sql,untracked,G evidence-orchestration,include,authority code or validation owned by its dependency-complete subsystem,PENDING_G_EVIDENCE_ORCHESTRATION,pending_clean_replay
dropin-earth/services/api/prisma/evidence-metadata-orchestration.sql,untracked,G evidence-orchestration,include,authority code or validation owned by its dependency-complete subsystem,PENDING_G_EVIDENCE_ORCHESTRATION,pending_clean_replay
dropin-earth/services/api/prisma/evidence-metadata-retention.rollback.sql,untracked,G evidence-orchestration,include,"existing evidence metadata, media, visual, or observation orchestration; additive migration or rollback",PENDING_G_EVIDENCE_ORCHESTRATION,pending_clean_replay
dropin-earth/services/api/prisma/evidence-metadata-retention.sql,untracked,G evidence-orchestration,include,"existing evidence metadata, media, visual, or observation orchestration; additive migration or rollback",PENDING_G_EVIDENCE_ORCHESTRATION,pending_clean_replay
dropin-earth/services/api/prisma/evidence-offline-community.rollback.sql,untracked,E mobile-sync-authority,include,governed mobile sync and current-authority admission; additive migration or rollback,PENDING_E_MOBILE_SYNC_AUTHORITY,pending_clean_replay
dropin-earth/services/api/prisma/evidence-offline-community.sql,untracked,E mobile-sync-authority,include,governed mobile sync and current-authority admission; additive migration or rollback,PENDING_E_MOBILE_SYNC_AUTHORITY,pending_clean_replay
dropin-earth/services/api/prisma/funding-accountability-authority.rollback.sql,untracked,H trust-kernel-postgres,include,"canonical trust, governance, proof, audit, or PostgreSQL authority; additive migration or rollback",PENDING_H_TRUST_KERNEL_POSTGRES,pending_clean_replay
dropin-earth/services/api/prisma/funding-accountability-authority.sql,untracked,H trust-kernel-postgres,include,"canonical trust, governance, proof, audit, or PostgreSQL authority; additive migration or rollback",PENDING_H_TRUST_KERNEL_POSTGRES,pending_clean_replay
dropin-earth/services/api/prisma/global-command-center-publishing-authority.rollback.sql,untracked,C global-command-center,include,privacy-minimized global command center authority; additive migration or rollback,PENDING_C_GLOBAL_COMMAND_CENTER,pending_clean_replay
dropin-earth/services/api/prisma/global-command-center-publishing-authority.sql,untracked,C global-command-center,include,privacy-minimized global command center authority; additive migration or rollback,PENDING_C_GLOBAL_COMMAND_CENTER,pending_clean_replay
dropin-earth/services/api/prisma/global-command-center-spatial-disclosure-authority.rollback.sql,untracked,C global-command-center,include,privacy-minimized global command center authority; additive migration or rollback,PENDING_C_GLOBAL_COMMAND_CENTER,pending_clean_replay
dropin-earth/services/api/prisma/global-command-center-spatial-disclosure-authority.sql,untracked,C global-command-center,include,privacy-minimized global command center authority; additive migration or rollback,PENDING_C_GLOBAL_COMMAND_CENTER,pending_clean_replay
dropin-earth/services/api/prisma/mobile-sync-admission.rollback.sql,untracked,E mobile-sync-authority,include,governed mobile sync and current-authority admission; additive migration or rollback,PENDING_E_MOBILE_SYNC_AUTHORITY,pending_clean_replay
dropin-earth/services/api/prisma/mobile-sync-admission.sql,untracked,E mobile-sync-authority,include,governed mobile sync and current-authority admission; additive migration or rollback,PENDING_E_MOBILE_SYNC_AUTHORITY,pending_clean_replay
dropin-earth/services/api/prisma/mrv-graph.rollback.sql,untracked,H trust-kernel-postgres,include,"canonical trust, governance, proof, audit, or PostgreSQL authority; additive migration or rollback",PENDING_H_TRUST_KERNEL_POSTGRES,pending_clean_replay
dropin-earth/services/api/prisma/mrv-graph.sql,untracked,H trust-kernel-postgres,include,"canonical trust, governance, proof, audit, or PostgreSQL authority; additive migration or rollback",PENDING_H_TRUST_KERNEL_POSTGRES,pending_clean_replay
dropin-earth/services/api/prisma/nasa-gibs.rollback.sql,untracked,G evidence-orchestration,include,"existing evidence metadata, media, visual, or observation orchestration; additive migration or rollback",PENDING_G_EVIDENCE_ORCHESTRATION,pending_clean_replay
dropin-earth/services/api/prisma/nasa-gibs.sql,untracked,G evidence-orchestration,include,"existing evidence metadata, media, visual, or observation orchestration; additive migration or rollback",PENDING_G_EVIDENCE_ORCHESTRATION,pending_clean_replay
dropin-earth/services/api/prisma/organization-accreditation-authority.rollback.sql,untracked,H trust-kernel-postgres,include,"canonical trust, governance, proof, audit, or PostgreSQL authority; additive migration or rollback",PENDING_H_TRUST_KERNEL_POSTGRES,pending_clean_replay
dropin-earth/services/api/prisma/organization-accreditation-authority.sql,untracked,H trust-kernel-postgres,include,"canonical trust, governance, proof, audit, or PostgreSQL authority; additive migration or rollback",PENDING_H_TRUST_KERNEL_POSTGRES,pending_clean_replay
dropin-earth/services/api/prisma/organization-lifecycle-authority.rollback.sql,untracked,H trust-kernel-postgres,include,"canonical trust, governance, proof, audit, or PostgreSQL authority; additive migration or rollback",PENDING_H_TRUST_KERNEL_POSTGRES,pending_clean_replay
dropin-earth/services/api/prisma/organization-lifecycle-authority.sql,untracked,H trust-kernel-postgres,include,"canonical trust, governance, proof, audit, or PostgreSQL authority; additive migration or rollback",PENDING_H_TRUST_KERNEL_POSTGRES,pending_clean_replay
dropin-earth/services/api/prisma/project-lifecycle-authority.rollback.sql,untracked,H trust-kernel-postgres,include,"canonical trust, governance, proof, audit, or PostgreSQL authority; additive migration or rollback",PENDING_H_TRUST_KERNEL_POSTGRES,pending_clean_replay
dropin-earth/services/api/prisma/project-lifecycle-authority.sql,untracked,H trust-kernel-postgres,include,"canonical trust, governance, proof, audit, or PostgreSQL authority; additive migration or rollback",PENDING_H_TRUST_KERNEL_POSTGRES,pending_clean_replay
dropin-earth/services/api/prisma/project-lifecycle-source-resolver.rollback.sql,untracked,H trust-kernel-postgres,include,"canonical trust, governance, proof, audit, or PostgreSQL authority; additive migration or rollback",PENDING_H_TRUST_KERNEL_POSTGRES,pending_clean_replay
dropin-earth/services/api/prisma/project-lifecycle-source-resolver.sql,untracked,H trust-kernel-postgres,include,"canonical trust, governance, proof, audit, or PostgreSQL authority; additive migration or rollback",PENDING_H_TRUST_KERNEL_POSTGRES,pending_clean_replay
dropin-earth/services/api/prisma/public-transparency-authority.rollback.sql,untracked,H trust-kernel-postgres,include,"canonical trust, governance, proof, audit, or PostgreSQL authority; additive migration or rollback",PENDING_H_TRUST_KERNEL_POSTGRES,pending_clean_replay
dropin-earth/services/api/prisma/public-transparency-authority.sql,untracked,H trust-kernel-postgres,include,"canonical trust, governance, proof, audit, or PostgreSQL authority; additive migration or rollback",PENDING_H_TRUST_KERNEL_POSTGRES,pending_clean_replay
dropin-earth/services/api/prisma/public-transparency-explorer.rollback.sql,untracked,I validation-coverage,include,cross-authority PostgreSQL composition depends on the final trust-registry integration root,PENDING_I_VALIDATION_COVERAGE,pending_clean_replay
dropin-earth/services/api/prisma/public-transparency-explorer.sql,untracked,I validation-coverage,include,cross-authority PostgreSQL composition depends on the final trust-registry integration root,PENDING_I_VALIDATION_COVERAGE,pending_clean_replay
dropin-earth/services/api/prisma/root-governance-authority.rollback.sql,untracked,H trust-kernel-postgres,include,"canonical trust, governance, proof, audit, or PostgreSQL authority; additive migration or rollback",PENDING_H_TRUST_KERNEL_POSTGRES,pending_clean_replay
dropin-earth/services/api/prisma/root-governance-authority.sql,untracked,H trust-kernel-postgres,include,"canonical trust, governance, proof, audit, or PostgreSQL authority; additive migration or rollback",PENDING_H_TRUST_KERNEL_POSTGRES,pending_clean_replay
dropin-earth/services/api/prisma/seed.ts,tracked_modified,X seed-or-legacy-coordination,exclude,seed and legacy PoCC runtime are outside clean authority integration,EXCLUDED,path_and_boundary_reviewed
dropin-earth/services/api/prisma/visual-evidence-intelligence.rollback.sql,untracked,G evidence-orchestration,include,"existing evidence metadata, media, visual, or observation orchestration; additive migration or rollback",PENDING_G_EVIDENCE_ORCHESTRATION,pending_clean_replay
dropin-earth/services/api/prisma/visual-evidence-intelligence.sql,untracked,G evidence-orchestration,include,"existing evidence metadata, media, visual, or observation orchestration; additive migration or rollback",PENDING_G_EVIDENCE_ORCHESTRATION,pending_clean_replay
dropin-earth/services/api/src/app.ts,tracked_modified,I validation-coverage,include,mixed tracked entrypoint must be reconstructed from the committed base with approved CanopyProof routes only,PENDING_I_VALIDATION_COVERAGE,pending_clean_replay
dropin-earth/services/api/src/domain/analytics-insight/analytics-insight-service.ts,untracked,X legacy-api-domain,exclude,legacy non-CanopyProof API domain modification is outside Phase R0,EXCLUDED,path_and_boundary_reviewed
dropin-earth/services/api/src/domain/canopyproof/agents.ts,untracked,H trust-kernel-postgres,include,"canonical trust, governance, proof, audit, or PostgreSQL authority",PENDING_H_TRUST_KERNEL_POSTGRES,pending_clean_replay
dropin-earth/services/api/src/domain/canopyproof/audit-attestations.ts,untracked,H trust-kernel-postgres,include,"canonical trust, governance, proof, audit, or PostgreSQL authority",PENDING_H_TRUST_KERNEL_POSTGRES,pending_clean_replay
dropin-earth/services/api/src/domain/canopyproof/audit-export-manifests.ts,untracked,H trust-kernel-postgres,include,"canonical trust, governance, proof, audit, or PostgreSQL authority",PENDING_H_TRUST_KERNEL_POSTGRES,pending_clean_replay
dropin-earth/services/api/src/domain/canopyproof/authorization-binding.ts,untracked,H trust-kernel-postgres,include,"canonical trust, governance, proof, audit, or PostgreSQL authority",PENDING_H_TRUST_KERNEL_POSTGRES,pending_clean_replay
dropin-earth/services/api/src/domain/canopyproof/aws-kms-managed-signature-verifier.ts,untracked,F verify-only-security,include,verify-only KMS or edge security and observability boundary,PENDING_F_VERIFY_ONLY_SECURITY,pending_clean_replay
dropin-earth/services/api/src/domain/canopyproof/canonical-organization-accreditation-resolver.ts,untracked,H trust-kernel-postgres,include,"canonical trust, governance, proof, audit, or PostgreSQL authority",PENDING_H_TRUST_KERNEL_POSTGRES,pending_clean_replay
dropin-earth/services/api/src/domain/canopyproof/canonical-project-lifecycle-resolver.ts,untracked,H trust-kernel-postgres,include,"canonical trust, governance, proof, audit, or PostgreSQL authority",PENDING_H_TRUST_KERNEL_POSTGRES,pending_clean_replay
dropin-earth/services/api/src/domain/canopyproof/certificate-transparency.ts,untracked,H trust-kernel-postgres,include,"canonical trust, governance, proof, audit, or PostgreSQL authority",PENDING_H_TRUST_KERNEL_POSTGRES,pending_clean_replay
dropin-earth/services/api/src/domain/canopyproof/challenge-cases.ts,untracked,H trust-kernel-postgres,include,"canonical trust, governance, proof, audit, or PostgreSQL authority",PENDING_H_TRUST_KERNEL_POSTGRES,pending_clean_replay
dropin-earth/services/api/src/domain/canopyproof/data-quality.ts,untracked,H trust-kernel-postgres,include,"canonical trust, governance, proof, audit, or PostgreSQL authority",PENDING_H_TRUST_KERNEL_POSTGRES,pending_clean_replay
dropin-earth/services/api/src/domain/canopyproof/database-audit-transparency.ts,untracked,H trust-kernel-postgres,include,"canonical trust, governance, proof, audit, or PostgreSQL authority",PENDING_H_TRUST_KERNEL_POSTGRES,pending_clean_replay
dropin-earth/services/api/src/domain/canopyproof/device-attestation-adapter.ts,untracked,G evidence-orchestration,include,device attestation and effective media form one cyclic evidence-orchestration authority boundary,PENDING_G_EVIDENCE_ORCHESTRATION,pending_clean_replay
dropin-earth/services/api/src/domain/canopyproof/early-warning-authority.ts,untracked,H trust-kernel-postgres,include,"canonical trust, governance, proof, audit, or PostgreSQL authority",PENDING_H_TRUST_KERNEL_POSTGRES,pending_clean_replay
dropin-earth/services/api/src/domain/canopyproof/early-warning-postgres.ts,untracked,H trust-kernel-postgres,include,"canonical trust, governance, proof, audit, or PostgreSQL authority",PENDING_H_TRUST_KERNEL_POSTGRES,pending_clean_replay
dropin-earth/services/api/src/domain/canopyproof/early-warning.ts,untracked,H trust-kernel-postgres,include,"canonical trust, governance, proof, audit, or PostgreSQL authority",PENDING_H_TRUST_KERNEL_POSTGRES,pending_clean_replay
dropin-earth/services/api/src/domain/canopyproof/environmental-proof-authority.ts,untracked,H trust-kernel-postgres,include,"canonical trust, governance, proof, audit, or PostgreSQL authority",PENDING_H_TRUST_KERNEL_POSTGRES,pending_clean_replay
dropin-earth/services/api/src/domain/canopyproof/environmental-proof-challenge-authority.ts,untracked,H trust-kernel-postgres,include,"canonical trust, governance, proof, audit, or PostgreSQL authority",PENDING_H_TRUST_KERNEL_POSTGRES,pending_clean_replay
dropin-earth/services/api/src/domain/canopyproof/environmental-proof-lifecycle-authority.ts,untracked,H trust-kernel-postgres,include,"canonical trust, governance, proof, audit, or PostgreSQL authority",PENDING_H_TRUST_KERNEL_POSTGRES,pending_clean_replay
dropin-earth/services/api/src/domain/canopyproof/environmental-proof-lifecycle-postgres.ts,untracked,H trust-kernel-postgres,include,"canonical trust, governance, proof, audit, or PostgreSQL authority",PENDING_H_TRUST_KERNEL_POSTGRES,pending_clean_replay
dropin-earth/services/api/src/domain/canopyproof/esg-metric-authority.ts,untracked,H trust-kernel-postgres,include,"canonical trust, governance, proof, audit, or PostgreSQL authority",PENDING_H_TRUST_KERNEL_POSTGRES,pending_clean_replay
dropin-earth/services/api/src/domain/canopyproof/esg-metric-postgres.ts,untracked,H trust-kernel-postgres,include,"canonical trust, governance, proof, audit, or PostgreSQL authority",PENDING_H_TRUST_KERNEL_POSTGRES,pending_clean_replay
dropin-earth/services/api/src/domain/canopyproof/esg-reporting-authority.ts,untracked,H trust-kernel-postgres,include,"canonical trust, governance, proof, audit, or PostgreSQL authority",PENDING_H_TRUST_KERNEL_POSTGRES,pending_clean_replay
dropin-earth/services/api/src/domain/canopyproof/esg-reporting-postgres.ts,untracked,H trust-kernel-postgres,include,"canonical trust, governance, proof, audit, or PostgreSQL authority",PENDING_H_TRUST_KERNEL_POSTGRES,pending_clean_replay
dropin-earth/services/api/src/domain/canopyproof/esg-reporting.ts,untracked,H trust-kernel-postgres,include,"canonical trust, governance, proof, audit, or PostgreSQL authority",PENDING_H_TRUST_KERNEL_POSTGRES,pending_clean_replay
dropin-earth/services/api/src/domain/canopyproof/evidence-custody-authority.ts,untracked,H trust-kernel-postgres,include,"canonical trust, governance, proof, audit, or PostgreSQL authority",PENDING_H_TRUST_KERNEL_POSTGRES,pending_clean_replay
dropin-earth/services/api/src/domain/canopyproof/evidence-device-attestation-adapter-authority.ts,untracked,G evidence-orchestration,include,device attestation and effective media form one cyclic evidence-orchestration authority boundary,PENDING_G_EVIDENCE_ORCHESTRATION,pending_clean_replay
dropin-earth/services/api/src/domain/canopyproof/evidence-device-attestation-adapter-orchestrator.ts,untracked,G evidence-orchestration,include,device attestation and effective media form one cyclic evidence-orchestration authority boundary,PENDING_G_EVIDENCE_ORCHESTRATION,pending_clean_replay
dropin-earth/services/api/src/domain/canopyproof/evidence-device-attestation-adapter-postgres.ts,untracked,I validation-coverage,include,cross-authority PostgreSQL composition depends on the final trust-registry integration root,PENDING_I_VALIDATION_COVERAGE,pending_clean_replay
dropin-earth/services/api/src/domain/canopyproof/evidence-media-adapter-authority.ts,untracked,G evidence-orchestration,include,"existing evidence metadata, media, visual, or observation orchestration",PENDING_G_EVIDENCE_ORCHESTRATION,pending_clean_replay
dropin-earth/services/api/src/domain/canopyproof/evidence-media-adapter-orchestrator.ts,untracked,G evidence-orchestration,include,"existing evidence metadata, media, visual, or observation orchestration",PENDING_G_EVIDENCE_ORCHESTRATION,pending_clean_replay
dropin-earth/services/api/src/domain/canopyproof/evidence-media-authority.ts,untracked,G evidence-orchestration,include,"existing evidence metadata, media, visual, or observation orchestration",PENDING_G_EVIDENCE_ORCHESTRATION,pending_clean_replay
dropin-earth/services/api/src/domain/canopyproof/evidence-metadata-adapter-authority.ts,untracked,G evidence-orchestration,include,"existing evidence metadata, media, visual, or observation orchestration",PENDING_G_EVIDENCE_ORCHESTRATION,pending_clean_replay
dropin-earth/services/api/src/domain/canopyproof/evidence-metadata-orchestration-authority.ts,untracked,G evidence-orchestration,include,"existing evidence metadata, media, visual, or observation orchestration",PENDING_G_EVIDENCE_ORCHESTRATION,pending_clean_replay
dropin-earth/services/api/src/domain/canopyproof/evidence-metadata-orchestration-postgres.ts,untracked,I validation-coverage,include,cross-authority PostgreSQL composition depends on the final trust-registry integration root,PENDING_I_VALIDATION_COVERAGE,pending_clean_replay
dropin-earth/services/api/src/domain/canopyproof/evidence-metadata-orchestrator.ts,untracked,G evidence-orchestration,include,"existing evidence metadata, media, visual, or observation orchestration",PENDING_G_EVIDENCE_ORCHESTRATION,pending_clean_replay
dropin-earth/services/api/src/domain/canopyproof/evidence-metadata-retention-authority.ts,untracked,G evidence-orchestration,include,"existing evidence metadata, media, visual, or observation orchestration",PENDING_G_EVIDENCE_ORCHESTRATION,pending_clean_replay
dropin-earth/services/api/src/domain/canopyproof/evidence-metadata-retention-postgres.ts,untracked,G evidence-orchestration,include,"existing evidence metadata, media, visual, or observation orchestration",PENDING_G_EVIDENCE_ORCHESTRATION,pending_clean_replay
dropin-earth/services/api/src/domain/canopyproof/evidence-network.ts,untracked,H trust-kernel-postgres,include,"canonical trust, governance, proof, audit, or PostgreSQL authority",PENDING_H_TRUST_KERNEL_POSTGRES,pending_clean_replay
dropin-earth/services/api/src/domain/canopyproof/evidence-offline-community-authority.ts,untracked,E mobile-sync-authority,include,governed mobile sync and current-authority admission,PENDING_E_MOBILE_SYNC_AUTHORITY,pending_clean_replay
dropin-earth/services/api/src/domain/canopyproof/evidence-offline-community-postgres.ts,untracked,E mobile-sync-authority,include,governed mobile sync and current-authority admission,PENDING_E_MOBILE_SYNC_AUTHORITY,pending_clean_replay
dropin-earth/services/api/src/domain/canopyproof/evidence-registry.ts,untracked,H trust-kernel-postgres,include,"canonical trust, governance, proof, audit, or PostgreSQL authority",PENDING_H_TRUST_KERNEL_POSTGRES,pending_clean_replay
dropin-earth/services/api/src/domain/canopyproof/evidence-review-authority.ts,untracked,G evidence-orchestration,include,authority code or validation owned by its dependency-complete subsystem,PENDING_G_EVIDENCE_ORCHESTRATION,pending_clean_replay
dropin-earth/services/api/src/domain/canopyproof/evidence-verification-authority.ts,untracked,H trust-kernel-postgres,include,"canonical trust, governance, proof, audit, or PostgreSQL authority",PENDING_H_TRUST_KERNEL_POSTGRES,pending_clean_replay
dropin-earth/services/api/src/domain/canopyproof/fixed-http-malware-scanner-provider.ts,untracked,G evidence-orchestration,include,authority code or validation owned by its dependency-complete subsystem,PENDING_G_EVIDENCE_ORCHESTRATION,pending_clean_replay
dropin-earth/services/api/src/domain/canopyproof/fixed-http-metadata-extractor-provider.ts,untracked,G evidence-orchestration,include,"existing evidence metadata, media, visual, or observation orchestration",PENDING_G_EVIDENCE_ORCHESTRATION,pending_clean_replay
dropin-earth/services/api/src/domain/canopyproof/funding-accountability-authority.ts,untracked,H trust-kernel-postgres,include,"canonical trust, governance, proof, audit, or PostgreSQL authority",PENDING_H_TRUST_KERNEL_POSTGRES,pending_clean_replay
dropin-earth/services/api/src/domain/canopyproof/funding-accountability-postgres.ts,untracked,H trust-kernel-postgres,include,"canonical trust, governance, proof, audit, or PostgreSQL authority",PENDING_H_TRUST_KERNEL_POSTGRES,pending_clean_replay
dropin-earth/services/api/src/domain/canopyproof/funding-transparency.ts,untracked,H trust-kernel-postgres,include,"canonical trust, governance, proof, audit, or PostgreSQL authority",PENDING_H_TRUST_KERNEL_POSTGRES,pending_clean_replay
dropin-earth/services/api/src/domain/canopyproof/global-command-center-postgres.ts,untracked,C global-command-center,include,privacy-minimized global command center authority,PENDING_C_GLOBAL_COMMAND_CENTER,pending_clean_replay
dropin-earth/services/api/src/domain/canopyproof/global-command-center-publishing-authority.ts,untracked,C global-command-center,include,privacy-minimized global command center authority,PENDING_C_GLOBAL_COMMAND_CENTER,pending_clean_replay
dropin-earth/services/api/src/domain/canopyproof/global-command-center-publishing-postgres.ts,untracked,C global-command-center,include,privacy-minimized global command center authority,PENDING_C_GLOBAL_COMMAND_CENTER,pending_clean_replay
dropin-earth/services/api/src/domain/canopyproof/global-command-center-spatial-disclosure-authority.ts,untracked,C global-command-center,include,privacy-minimized global command center authority,PENDING_C_GLOBAL_COMMAND_CENTER,pending_clean_replay
dropin-earth/services/api/src/domain/canopyproof/global-command-center-spatial-disclosure-postgres.ts,untracked,C global-command-center,include,privacy-minimized global command center authority,PENDING_C_GLOBAL_COMMAND_CENTER,pending_clean_replay
dropin-earth/services/api/src/domain/canopyproof/global-command-center.ts,untracked,C global-command-center,include,privacy-minimized global command center authority,PENDING_C_GLOBAL_COMMAND_CENTER,pending_clean_replay
dropin-earth/services/api/src/domain/canopyproof/governance.ts,untracked,H trust-kernel-postgres,include,"canonical trust, governance, proof, audit, or PostgreSQL authority",PENDING_H_TRUST_KERNEL_POSTGRES,pending_clean_replay
dropin-earth/services/api/src/domain/canopyproof/identity-authentication.ts,untracked,H trust-kernel-postgres,include,"canonical trust, governance, proof, audit, or PostgreSQL authority",PENDING_H_TRUST_KERNEL_POSTGRES,pending_clean_replay
dropin-earth/services/api/src/domain/canopyproof/identity.ts,untracked,H trust-kernel-postgres,include,"canonical trust, governance, proof, audit, or PostgreSQL authority",PENDING_H_TRUST_KERNEL_POSTGRES,pending_clean_replay
dropin-earth/services/api/src/domain/canopyproof/institutional-reporting.ts,untracked,H trust-kernel-postgres,include,"canonical trust, governance, proof, audit, or PostgreSQL authority",PENDING_H_TRUST_KERNEL_POSTGRES,pending_clean_replay
dropin-earth/services/api/src/domain/canopyproof/malware-scanner-adapter.ts,untracked,G evidence-orchestration,include,authority code or validation owned by its dependency-complete subsystem,PENDING_G_EVIDENCE_ORCHESTRATION,pending_clean_replay
dropin-earth/services/api/src/domain/canopyproof/memory.ts,untracked,H trust-kernel-postgres,include,"canonical trust, governance, proof, audit, or PostgreSQL authority",PENDING_H_TRUST_KERNEL_POSTGRES,pending_clean_replay
dropin-earth/services/api/src/domain/canopyproof/metadata-extractor-adapter.ts,untracked,G evidence-orchestration,include,"existing evidence metadata, media, visual, or observation orchestration",PENDING_G_EVIDENCE_ORCHESTRATION,pending_clean_replay
dropin-earth/services/api/src/domain/canopyproof/methodology-governance-authority.ts,untracked,H trust-kernel-postgres,include,"canonical trust, governance, proof, audit, or PostgreSQL authority",PENDING_H_TRUST_KERNEL_POSTGRES,pending_clean_replay
dropin-earth/services/api/src/domain/canopyproof/methodology-registry.ts,untracked,H trust-kernel-postgres,include,"canonical trust, governance, proof, audit, or PostgreSQL authority",PENDING_H_TRUST_KERNEL_POSTGRES,pending_clean_replay
dropin-earth/services/api/src/domain/canopyproof/mobile-evidence-sync-admission-postgres.ts,untracked,E mobile-sync-authority,include,governed mobile sync and current-authority admission,PENDING_E_MOBILE_SYNC_AUTHORITY,pending_clean_replay
dropin-earth/services/api/src/domain/canopyproof/mobile-evidence-sync-admission.ts,untracked,E mobile-sync-authority,include,governed mobile sync and current-authority admission,PENDING_E_MOBILE_SYNC_AUTHORITY,pending_clean_replay
dropin-earth/services/api/src/domain/canopyproof/mobile-evidence-sync-authority.ts,untracked,E mobile-sync-authority,include,governed mobile sync and current-authority admission,PENDING_E_MOBILE_SYNC_AUTHORITY,pending_clean_replay
dropin-earth/services/api/src/domain/canopyproof/mrv-graph-authority.ts,untracked,H trust-kernel-postgres,include,"canonical trust, governance, proof, audit, or PostgreSQL authority",PENDING_H_TRUST_KERNEL_POSTGRES,pending_clean_replay
dropin-earth/services/api/src/domain/canopyproof/mrv-graph-postgres.ts,untracked,H trust-kernel-postgres,include,"canonical trust, governance, proof, audit, or PostgreSQL authority",PENDING_H_TRUST_KERNEL_POSTGRES,pending_clean_replay
dropin-earth/services/api/src/domain/canopyproof/nasa-gibs-postgres.ts,untracked,G evidence-orchestration,include,"existing evidence metadata, media, visual, or observation orchestration",PENDING_G_EVIDENCE_ORCHESTRATION,pending_clean_replay
dropin-earth/services/api/src/domain/canopyproof/nasa-gibs.ts,untracked,G evidence-orchestration,include,"existing evidence metadata, media, visual, or observation orchestration",PENDING_G_EVIDENCE_ORCHESTRATION,pending_clean_replay
dropin-earth/services/api/src/domain/canopyproof/object-storage-adapter.ts,untracked,G evidence-orchestration,include,authority code or validation owned by its dependency-complete subsystem,PENDING_G_EVIDENCE_ORCHESTRATION,pending_clean_replay
dropin-earth/services/api/src/domain/canopyproof/observability.ts,untracked,F verify-only-security,include,authority code or validation owned by its dependency-complete subsystem,PENDING_F_VERIFY_ONLY_SECURITY,pending_clean_replay
dropin-earth/services/api/src/domain/canopyproof/opentelemetry-exporter.ts,untracked,F verify-only-security,include,verify-only KMS or edge security and observability boundary,PENDING_F_VERIFY_ONLY_SECURITY,pending_clean_replay
dropin-earth/services/api/src/domain/canopyproof/organization-accreditation-authority.ts,untracked,H trust-kernel-postgres,include,"canonical trust, governance, proof, audit, or PostgreSQL authority",PENDING_H_TRUST_KERNEL_POSTGRES,pending_clean_replay
dropin-earth/services/api/src/domain/canopyproof/organization-accreditation-postgres.ts,untracked,H trust-kernel-postgres,include,"canonical trust, governance, proof, audit, or PostgreSQL authority",PENDING_H_TRUST_KERNEL_POSTGRES,pending_clean_replay
dropin-earth/services/api/src/domain/canopyproof/organization-lifecycle-authority.ts,untracked,H trust-kernel-postgres,include,"canonical trust, governance, proof, audit, or PostgreSQL authority",PENDING_H_TRUST_KERNEL_POSTGRES,pending_clean_replay
dropin-earth/services/api/src/domain/canopyproof/organization-lifecycle-postgres.ts,untracked,H trust-kernel-postgres,include,"canonical trust, governance, proof, audit, or PostgreSQL authority",PENDING_H_TRUST_KERNEL_POSTGRES,pending_clean_replay
dropin-earth/services/api/src/domain/canopyproof/partner-collaboration.ts,untracked,H trust-kernel-postgres,include,"canonical trust, governance, proof, audit, or PostgreSQL authority",PENDING_H_TRUST_KERNEL_POSTGRES,pending_clean_replay
dropin-earth/services/api/src/domain/canopyproof/point-cloud-mrv.ts,untracked,G evidence-orchestration,include,"existing evidence metadata, media, visual, or observation orchestration",PENDING_G_EVIDENCE_ORCHESTRATION,pending_clean_replay
dropin-earth/services/api/src/domain/canopyproof/postgres-advisory-lock.ts,untracked,H trust-kernel-postgres,include,"canonical trust, governance, proof, audit, or PostgreSQL authority",PENDING_H_TRUST_KERNEL_POSTGRES,pending_clean_replay
dropin-earth/services/api/src/domain/canopyproof/project-lifecycle-authority.ts,untracked,H trust-kernel-postgres,include,"canonical trust, governance, proof, audit, or PostgreSQL authority",PENDING_H_TRUST_KERNEL_POSTGRES,pending_clean_replay
dropin-earth/services/api/src/domain/canopyproof/project-lifecycle-postgres.ts,untracked,H trust-kernel-postgres,include,"canonical trust, governance, proof, audit, or PostgreSQL authority",PENDING_H_TRUST_KERNEL_POSTGRES,pending_clean_replay
dropin-earth/services/api/src/domain/canopyproof/project-registry.ts,untracked,H trust-kernel-postgres,include,"canonical trust, governance, proof, audit, or PostgreSQL authority",PENDING_H_TRUST_KERNEL_POSTGRES,pending_clean_replay
dropin-earth/services/api/src/domain/canopyproof/proof-engine.ts,untracked,H trust-kernel-postgres,include,"canonical trust, governance, proof, audit, or PostgreSQL authority",PENDING_H_TRUST_KERNEL_POSTGRES,pending_clean_replay
dropin-earth/services/api/src/domain/canopyproof/proof-service.ts,untracked,H trust-kernel-postgres,include,"canonical trust, governance, proof, audit, or PostgreSQL authority",PENDING_H_TRUST_KERNEL_POSTGRES,pending_clean_replay
dropin-earth/services/api/src/domain/canopyproof/public-explorer-postgres.ts,untracked,I validation-coverage,include,cross-authority PostgreSQL composition depends on the final trust-registry integration root,PENDING_I_VALIDATION_COVERAGE,pending_clean_replay
dropin-earth/services/api/src/domain/canopyproof/public-explorer.ts,untracked,C global-command-center,include,privacy-minimized global command center authority,PENDING_C_GLOBAL_COMMAND_CENTER,pending_clean_replay
dropin-earth/services/api/src/domain/canopyproof/public-records.ts,untracked,H trust-kernel-postgres,include,"canonical trust, governance, proof, audit, or PostgreSQL authority",PENDING_H_TRUST_KERNEL_POSTGRES,pending_clean_replay
dropin-earth/services/api/src/domain/canopyproof/public-transparency-authority.ts,untracked,H trust-kernel-postgres,include,"canonical trust, governance, proof, audit, or PostgreSQL authority",PENDING_H_TRUST_KERNEL_POSTGRES,pending_clean_replay
dropin-earth/services/api/src/domain/canopyproof/public-transparency-postgres.ts,untracked,H trust-kernel-postgres,include,"canonical trust, governance, proof, audit, or PostgreSQL authority",PENDING_H_TRUST_KERNEL_POSTGRES,pending_clean_replay
dropin-earth/services/api/src/domain/canopyproof/r2-bucket-lock-verifier.ts,untracked,G evidence-orchestration,include,authority code or validation owned by its dependency-complete subsystem,PENDING_G_EVIDENCE_ORCHESTRATION,pending_clean_replay
dropin-earth/services/api/src/domain/canopyproof/r2-object-storage-provider.ts,untracked,G evidence-orchestration,include,authority code or validation owned by its dependency-complete subsystem,PENDING_G_EVIDENCE_ORCHESTRATION,pending_clean_replay
dropin-earth/services/api/src/domain/canopyproof/resilience.ts,untracked,H trust-kernel-postgres,include,"canonical trust, governance, proof, audit, or PostgreSQL authority",PENDING_H_TRUST_KERNEL_POSTGRES,pending_clean_replay
dropin-earth/services/api/src/domain/canopyproof/root-governance-authority.ts,untracked,H trust-kernel-postgres,include,"canonical trust, governance, proof, audit, or PostgreSQL authority",PENDING_H_TRUST_KERNEL_POSTGRES,pending_clean_replay
dropin-earth/services/api/src/domain/canopyproof/root-governance-postgres.ts,untracked,H trust-kernel-postgres,include,"canonical trust, governance, proof, audit, or PostgreSQL authority",PENDING_H_TRUST_KERNEL_POSTGRES,pending_clean_replay
dropin-earth/services/api/src/domain/canopyproof/security-policy.ts,untracked,H trust-kernel-postgres,include,"canonical trust, governance, proof, audit, or PostgreSQL authority",PENDING_H_TRUST_KERNEL_POSTGRES,pending_clean_replay
dropin-earth/services/api/src/domain/canopyproof/terra-intelligence.ts,untracked,G evidence-orchestration,include,"existing evidence metadata, media, visual, or observation orchestration",PENDING_G_EVIDENCE_ORCHESTRATION,pending_clean_replay
dropin-earth/services/api/src/domain/canopyproof/trust-registry.ts,untracked,I validation-coverage,include,cross-authority composition root is integrated only after every owned authority slice passes,PENDING_I_VALIDATION_COVERAGE,pending_clean_replay
dropin-earth/services/api/src/domain/canopyproof/verification-decisions.ts,untracked,H trust-kernel-postgres,include,"canonical trust, governance, proof, audit, or PostgreSQL authority",PENDING_H_TRUST_KERNEL_POSTGRES,pending_clean_replay
dropin-earth/services/api/src/domain/canopyproof/verification-queue.ts,untracked,H trust-kernel-postgres,include,"canonical trust, governance, proof, audit, or PostgreSQL authority",PENDING_H_TRUST_KERNEL_POSTGRES,pending_clean_replay
dropin-earth/services/api/src/domain/canopyproof/visual-evidence-api.ts,untracked,G evidence-orchestration,include,"existing evidence metadata, media, visual, or observation orchestration",PENDING_G_EVIDENCE_ORCHESTRATION,pending_clean_replay
dropin-earth/services/api/src/domain/canopyproof/visual-evidence-intelligence.ts,untracked,G evidence-orchestration,include,"existing evidence metadata, media, visual, or observation orchestration",PENDING_G_EVIDENCE_ORCHESTRATION,pending_clean_replay
dropin-earth/services/api/src/domain/canopyproof/visual-evidence-observability.ts,untracked,G evidence-orchestration,include,"existing evidence metadata, media, visual, or observation orchestration",PENDING_G_EVIDENCE_ORCHESTRATION,pending_clean_replay
dropin-earth/services/api/src/domain/canopyproof/visual-evidence-types.ts,untracked,G evidence-orchestration,include,"existing evidence metadata, media, visual, or observation orchestration",PENDING_G_EVIDENCE_ORCHESTRATION,pending_clean_replay
dropin-earth/services/api/src/domain/canopyproof/visual-license-policy.ts,untracked,G evidence-orchestration,include,authority code or validation owned by its dependency-complete subsystem,PENDING_G_EVIDENCE_ORCHESTRATION,pending_clean_replay
dropin-earth/services/api/src/domain/carbon-accounting/carbon-accounting-service.ts,untracked,X legacy-api-domain,exclude,legacy non-CanopyProof API domain modification is outside Phase R0,EXCLUDED,path_and_boundary_reviewed
dropin-earth/services/api/src/domain/community-engagement/community-engagement-service.ts,untracked,X legacy-api-domain,exclude,legacy non-CanopyProof API domain modification is outside Phase R0,EXCLUDED,path_and_boundary_reviewed
dropin-earth/services/api/src/domain/content-education/content-education-service.ts,untracked,X legacy-api-domain,exclude,legacy non-CanopyProof API domain modification is outside Phase R0,EXCLUDED,path_and_boundary_reviewed
dropin-earth/services/api/src/domain/external-partner/external-partner-service.ts,untracked,X legacy-api-domain,exclude,legacy non-CanopyProof API domain modification is outside Phase R0,EXCLUDED,path_and_boundary_reviewed
dropin-earth/services/api/src/domain/fund/fund-service.ts,tracked_modified,X legacy-api-domain,exclude,legacy non-CanopyProof API domain modification is outside Phase R0,EXCLUDED,path_and_boundary_reviewed
dropin-earth/services/api/src/domain/governance/governance-service.ts,untracked,X legacy-api-domain,exclude,legacy non-CanopyProof API domain modification is outside Phase R0,EXCLUDED,path_and_boundary_reviewed
dropin-earth/services/api/src/domain/growth-referral/growth-referral-service.ts,untracked,X legacy-api-domain,exclude,legacy non-CanopyProof API domain modification is outside Phase R0,EXCLUDED,path_and_boundary_reviewed
dropin-earth/services/api/src/domain/impact/evidence-service.ts,tracked_modified,H trust-kernel-postgres,include,authority code or validation owned by its dependency-complete subsystem,PENDING_H_TRUST_KERNEL_POSTGRES,pending_clean_replay
dropin-earth/services/api/src/domain/impact/impact-engine.ts,tracked_modified,H trust-kernel-postgres,include,authority code or validation owned by its dependency-complete subsystem,PENDING_H_TRUST_KERNEL_POSTGRES,pending_clean_replay
dropin-earth/services/api/src/domain/lottery/lottery-repository.ts,tracked_modified,X legacy-api-domain,exclude,legacy non-CanopyProof API domain modification is outside Phase R0,EXCLUDED,path_and_boundary_reviewed
dropin-earth/services/api/src/domain/ops-infrastructure/ops-infrastructure-service.ts,untracked,X legacy-api-domain,exclude,legacy non-CanopyProof API domain modification is outside Phase R0,EXCLUDED,path_and_boundary_reviewed
dropin-earth/services/api/src/domain/pocc-ahin/pocc-ahin-consensus-service.ts,untracked,X legacy-api-domain,exclude,legacy non-CanopyProof API domain modification is outside Phase R0,EXCLUDED,path_and_boundary_reviewed
dropin-earth/services/api/src/domain/product-vision/product-vision-service.ts,untracked,X legacy-api-domain,exclude,legacy non-CanopyProof API domain modification is outside Phase R0,EXCLUDED,path_and_boundary_reviewed
dropin-earth/services/api/src/domain/proof-of-planting/proof-of-planting-service.ts,untracked,X legacy-api-domain,exclude,legacy non-CanopyProof API domain modification is outside Phase R0,EXCLUDED,path_and_boundary_reviewed
dropin-earth/services/api/src/domain/risk-red-team/risk-red-team-service.ts,untracked,X legacy-api-domain,exclude,legacy non-CanopyProof API domain modification is outside Phase R0,EXCLUDED,path_and_boundary_reviewed
dropin-earth/services/api/src/domain/telegram/telegram-referral.ts,tracked_modified,X legacy-api-domain,exclude,legacy non-CanopyProof API domain modification is outside Phase R0,EXCLUDED,path_and_boundary_reviewed
dropin-earth/services/api/src/domain/telegram/telegram-service.ts,tracked_modified,X legacy-api-domain,exclude,legacy non-CanopyProof API domain modification is outside Phase R0,EXCLUDED,path_and_boundary_reviewed
dropin-earth/services/api/src/domain/tree-lotto/tree-lotto-service.ts,untracked,X legacy-api-domain,exclude,legacy non-CanopyProof API domain modification is outside Phase R0,EXCLUDED,path_and_boundary_reviewed
dropin-earth/services/api/src/domain/ux-experience/ux-experience-service.ts,untracked,X legacy-api-domain,exclude,legacy non-CanopyProof API domain modification is outside Phase R0,EXCLUDED,path_and_boundary_reviewed
dropin-earth/services/api/src/domain/wallet-payment/wallet-payment-service.ts,untracked,X legacy-api-domain,exclude,legacy non-CanopyProof API domain modification is outside Phase R0,EXCLUDED,path_and_boundary_reviewed
dropin-earth/services/api/src/pocc/ahin.ts,untracked,X seed-or-legacy-coordination,exclude,seed and legacy PoCC runtime are outside clean authority integration,EXCLUDED,path_and_boundary_reviewed
dropin-earth/services/api/src/pocc/pocc-bus.ts,untracked,X seed-or-legacy-coordination,exclude,seed and legacy PoCC runtime are outside clean authority integration,EXCLUDED,path_and_boundary_reviewed
dropin-earth/services/api/src/routes/canopyproof/mobile-evidence-sync.ts,untracked,E mobile-sync-authority,include,governed mobile sync and current-authority admission; governed route contract,PENDING_E_MOBILE_SYNC_AUTHORITY,pending_clean_replay
dropin-earth/services/api/src/routes/canopyproof/public-explorer.ts,untracked,C global-command-center,include,privacy-minimized global command center authority; governed route contract,PENDING_C_GLOBAL_COMMAND_CENTER,pending_clean_replay
dropin-earth/services/api/src/routes/canopyproof/satellite.ts,untracked,B satellite-proof,include,deterministic three-layer satellite proof and replay; governed route contract,PENDING_B_SATELLITE_PROOF,pending_clean_replay
dropin-earth/services/api/src/scripts/seed-testdata.ts,untracked,X seed-or-legacy-coordination,exclude,seed and legacy PoCC runtime are outside clean authority integration,EXCLUDED,path_and_boundary_reviewed
dropin-earth/services/satellite-ingestor/package.json,untracked,B satellite-proof,include,deterministic fixture-only satellite ingestor,PENDING_B_SATELLITE_PROOF,pending_clean_replay
dropin-earth/services/satellite-ingestor/README.md,untracked,B satellite-proof,include,deterministic fixture-only satellite ingestor,PENDING_B_SATELLITE_PROOF,pending_clean_replay
dropin-earth/services/satellite-ingestor/src/adapters/audit-adapter.ts,untracked,B satellite-proof,include,deterministic fixture-only satellite ingestor,PENDING_B_SATELLITE_PROOF,pending_clean_replay
dropin-earth/services/satellite-ingestor/src/adapters/landsat-adapter.ts,untracked,B satellite-proof,include,deterministic fixture-only satellite ingestor,PENDING_B_SATELLITE_PROOF,pending_clean_replay
dropin-earth/services/satellite-ingestor/src/adapters/planet-adapter.ts,untracked,B satellite-proof,include,deterministic fixture-only satellite ingestor,PENDING_B_SATELLITE_PROOF,pending_clean_replay
dropin-earth/services/satellite-ingestor/src/adapters/sar-adapter.ts,untracked,B satellite-proof,include,deterministic fixture-only satellite ingestor,PENDING_B_SATELLITE_PROOF,pending_clean_replay
dropin-earth/services/satellite-ingestor/src/adapters/sentinel-adapter.ts,untracked,B satellite-proof,include,deterministic fixture-only satellite ingestor,PENDING_B_SATELLITE_PROOF,pending_clean_replay
dropin-earth/services/satellite-ingestor/src/index.ts,untracked,B satellite-proof,include,deterministic fixture-only satellite ingestor,PENDING_B_SATELLITE_PROOF,pending_clean_replay
dropin-earth/services/satellite-ingestor/src/root-builder.ts,untracked,B satellite-proof,include,deterministic fixture-only satellite ingestor,PENDING_B_SATELLITE_PROOF,pending_clean_replay
dropin-earth/services/satellite-ingestor/tsconfig.json,untracked,B satellite-proof,include,deterministic fixture-only satellite ingestor,PENDING_B_SATELLITE_PROOF,pending_clean_replay
dropin-earth/start-phase16-cron.sh,untracked,X legacy-production-automation,exclude,"legacy phase, deploy, testnet, or production automation is excluded",EXCLUDED,path_and_boundary_reviewed
dropin-earth/start-phase16-full.sh,untracked,X legacy-production-automation,exclude,"legacy phase, deploy, testnet, or production automation is excluded",EXCLUDED,path_and_boundary_reviewed
dropin-earth/start-phase16-local-dashboard.sh,untracked,X legacy-production-automation,exclude,"legacy phase, deploy, testnet, or production automation is excluded",EXCLUDED,path_and_boundary_reviewed
dropin-earth/start-phase16-local.sh,untracked,X legacy-production-automation,exclude,"legacy phase, deploy, testnet, or production automation is excluded",EXCLUDED,path_and_boundary_reviewed
dropin-earth/test-results/.last-run.json,untracked,X generated-artifact,exclude,"generated build, runtime, test, or cache output",EXCLUDED,path_and_boundary_reviewed
dropin-earth/tests/e2e/api.ts,untracked,X production-e2e,exclude,production/testnet E2E harness is outside non-deploying Phase R0,EXCLUDED,path_and_boundary_reviewed
dropin-earth/tests/e2e/challenge.ts,untracked,X production-e2e,exclude,production/testnet E2E harness is outside non-deploying Phase R0,EXCLUDED,path_and_boundary_reviewed
dropin-earth/tests/e2e/config.ts,untracked,X production-e2e,exclude,production/testnet E2E harness is outside non-deploying Phase R0,EXCLUDED,path_and_boundary_reviewed
dropin-earth/tests/e2e/e2e-runner.ts,untracked,X production-e2e,exclude,production/testnet E2E harness is outside non-deploying Phase R0,EXCLUDED,path_and_boundary_reviewed
dropin-earth/tests/e2e/fund.ts,untracked,X production-e2e,exclude,production/testnet E2E harness is outside non-deploying Phase R0,EXCLUDED,path_and_boundary_reviewed
dropin-earth/tests/e2e/impact.ts,untracked,X production-e2e,exclude,production/testnet E2E harness is outside non-deploying Phase R0,EXCLUDED,path_and_boundary_reviewed
dropin-earth/tests/e2e/lottery.ts,untracked,X production-e2e,exclude,production/testnet E2E harness is outside non-deploying Phase R0,EXCLUDED,path_and_boundary_reviewed
dropin-earth/tests/e2e/notify.ts,untracked,X production-e2e,exclude,production/testnet E2E harness is outside non-deploying Phase R0,EXCLUDED,path_and_boundary_reviewed
dropin-earth/tests/e2e/payment.ts,untracked,X production-e2e,exclude,production/testnet E2E harness is outside non-deploying Phase R0,EXCLUDED,path_and_boundary_reviewed
dropin-earth/tests/e2e/random-oracle.ts,untracked,X production-e2e,exclude,production/testnet E2E harness is outside non-deploying Phase R0,EXCLUDED,path_and_boundary_reviewed
dropin-earth/tests/e2e/types.ts,untracked,X production-e2e,exclude,production/testnet E2E harness is outside non-deploying Phase R0,EXCLUDED,path_and_boundary_reviewed
dropin-earth/tests/e2e/wallet.ts,untracked,X production-e2e,exclude,production/testnet E2E harness is outside non-deploying Phase R0,EXCLUDED,path_and_boundary_reviewed
dropin-earth/tests/fixtures/canopyproof-satellite-proof-replay.json,untracked,B satellite-proof,include,deterministic three-layer satellite proof and replay; deterministic or security validation,PENDING_B_SATELLITE_PROOF,pending_clean_replay
dropin-earth/tests/fixtures/nasa-gibs-wms-capabilities.xml,untracked,G evidence-orchestration,include,"existing evidence metadata, media, visual, or observation orchestration; deterministic or security validation",PENDING_G_EVIDENCE_ORCHESTRATION,pending_clean_replay
dropin-earth/tests/fixtures/nasa-gibs-wmts-capabilities.xml,untracked,G evidence-orchestration,include,"existing evidence metadata, media, visual, or observation orchestration; deterministic or security validation",PENDING_G_EVIDENCE_ORCHESTRATION,pending_clean_replay
dropin-earth/tests/helpers/canopyproof-effective-media-fixture.ts,untracked,G evidence-orchestration,include,"existing evidence metadata, media, visual, or observation orchestration; deterministic or security validation",PENDING_G_EVIDENCE_ORCHESTRATION,pending_clean_replay
dropin-earth/tests/helpers/canopyproof-esg-metric-fixture.ts,untracked,H trust-kernel-postgres,include,focused trust-kernel authority validation belongs with the implementation it proves,PENDING_H_TRUST_KERNEL_POSTGRES,pending_clean_replay
dropin-earth/tests/helpers/canopyproof-public-transparency-fixture.ts,untracked,H trust-kernel-postgres,include,focused trust-kernel authority validation belongs with the implementation it proves,PENDING_H_TRUST_KERNEL_POSTGRES,pending_clean_replay
dropin-earth/tests/integration/canopyproof-device-attestation-adapter-pglite.integration.ts,untracked,I validation-coverage,include,cross-authority or mounted-route validation runs only after final integration composition,PENDING_I_VALIDATION_COVERAGE,pending_clean_replay
dropin-earth/tests/integration/canopyproof-early-warning-pglite.integration.ts,untracked,H trust-kernel-postgres,include,focused trust-kernel authority validation belongs with the implementation it proves,PENDING_H_TRUST_KERNEL_POSTGRES,pending_clean_replay
dropin-earth/tests/integration/canopyproof-evidence-custody-pglite.integration.ts,untracked,I validation-coverage,include,cross-authority or mounted-route validation runs only after final integration composition,PENDING_I_VALIDATION_COVERAGE,pending_clean_replay
dropin-earth/tests/integration/canopyproof-evidence-media-pglite.integration.ts,untracked,I validation-coverage,include,cross-authority or mounted-route validation runs only after final integration composition,PENDING_I_VALIDATION_COVERAGE,pending_clean_replay
dropin-earth/tests/integration/canopyproof-evidence-verification-pglite.integration.ts,untracked,I validation-coverage,include,cross-authority or mounted-route validation runs only after final integration composition,PENDING_I_VALIDATION_COVERAGE,pending_clean_replay
dropin-earth/tests/integration/canopyproof-funding-accountability-pglite.integration.ts,untracked,H trust-kernel-postgres,include,focused trust-kernel authority validation belongs with the implementation it proves,PENDING_H_TRUST_KERNEL_POSTGRES,pending_clean_replay
dropin-earth/tests/integration/canopyproof-global-command-center-pglite.integration.ts,untracked,C global-command-center,include,privacy-minimized global command center authority; deterministic or security validation,PENDING_C_GLOBAL_COMMAND_CENTER,pending_clean_replay
dropin-earth/tests/integration/canopyproof-global-command-center-spatial-disclosure-native.integration.ts,untracked,C global-command-center,include,privacy-minimized global command center authority; deterministic or security validation,PENDING_C_GLOBAL_COMMAND_CENTER,pending_clean_replay
dropin-earth/tests/integration/canopyproof-global-command-center-spatial-disclosure-pglite.integration.ts,untracked,C global-command-center,include,privacy-minimized global command center authority; deterministic or security validation,PENDING_C_GLOBAL_COMMAND_CENTER,pending_clean_replay
dropin-earth/tests/integration/canopyproof-mobile-sync-admission-pglite.integration.ts,untracked,E mobile-sync-authority,include,governed mobile sync and current-authority admission; deterministic or security validation,PENDING_E_MOBILE_SYNC_AUTHORITY,pending_clean_replay
dropin-earth/tests/integration/canopyproof-mrv-graph-pglite.integration.ts,untracked,H trust-kernel-postgres,include,focused trust-kernel authority validation belongs with the implementation it proves,PENDING_H_TRUST_KERNEL_POSTGRES,pending_clean_replay
dropin-earth/tests/integration/canopyproof-nasa-gibs-pglite.integration.ts,untracked,G evidence-orchestration,include,"existing evidence metadata, media, visual, or observation orchestration; deterministic or security validation",PENDING_G_EVIDENCE_ORCHESTRATION,pending_clean_replay
dropin-earth/tests/integration/canopyproof-native-postgres.integration.ts,untracked,I validation-coverage,include,cross-authority or mounted-route validation runs only after final integration composition,PENDING_I_VALIDATION_COVERAGE,pending_clean_replay
dropin-earth/tests/integration/canopyproof-organization-accreditation-pglite.integration.ts,untracked,H trust-kernel-postgres,include,focused trust-kernel authority validation belongs with the implementation it proves,PENDING_H_TRUST_KERNEL_POSTGRES,pending_clean_replay
dropin-earth/tests/integration/canopyproof-organization-lifecycle-pglite.integration.ts,untracked,H trust-kernel-postgres,include,focused trust-kernel authority validation belongs with the implementation it proves,PENDING_H_TRUST_KERNEL_POSTGRES,pending_clean_replay
dropin-earth/tests/integration/canopyproof-postgres-audit.integration.ts,untracked,H trust-kernel-postgres,include,focused trust-kernel authority validation belongs with the implementation it proves,PENDING_H_TRUST_KERNEL_POSTGRES,pending_clean_replay
dropin-earth/tests/integration/canopyproof-project-lifecycle-pglite.integration.ts,untracked,H trust-kernel-postgres,include,focused trust-kernel authority validation belongs with the implementation it proves,PENDING_H_TRUST_KERNEL_POSTGRES,pending_clean_replay
dropin-earth/tests/integration/canopyproof-root-governance-pglite.integration.ts,untracked,H trust-kernel-postgres,include,focused trust-kernel authority validation belongs with the implementation it proves,PENDING_H_TRUST_KERNEL_POSTGRES,pending_clean_replay
dropin-earth/tests/integration/canopyproof-trust-registry-pglite.integration.ts,untracked,I validation-coverage,include,cross-authority or mounted-route validation runs only after final integration composition,PENDING_I_VALIDATION_COVERAGE,pending_clean_replay
dropin-earth/tests/integration/canopyproof-visual-evidence-pglite.integration.ts,untracked,I validation-coverage,include,cross-authority or mounted-route validation runs only after final integration composition,PENDING_I_VALIDATION_COVERAGE,pending_clean_replay
dropin-earth/tests/unit/analytics-insight-agent.test.ts,untracked,X unrelated-test,exclude,test covers a separate Dropin or legacy product subsystem,EXCLUDED,path_and_boundary_reviewed
dropin-earth/tests/unit/canopy-state-machine.test.ts,untracked,B satellite-proof,include,deterministic three-layer satellite proof and replay; deterministic or security validation,PENDING_B_SATELLITE_PROOF,pending_clean_replay
dropin-earth/tests/unit/canopyproof-agent-framework.test.ts,untracked,I validation-coverage,include,cross-authority or mounted-route validation runs only after final integration composition,PENDING_I_VALIDATION_COVERAGE,pending_clean_replay
dropin-earth/tests/unit/canopyproof-audit-attestations.test.ts,untracked,I validation-coverage,include,cross-authority or mounted-route validation runs only after final integration composition,PENDING_I_VALIDATION_COVERAGE,pending_clean_replay
dropin-earth/tests/unit/canopyproof-audit-export-manifests.test.ts,untracked,I validation-coverage,include,cross-authority or mounted-route validation runs only after final integration composition,PENDING_I_VALIDATION_COVERAGE,pending_clean_replay
dropin-earth/tests/unit/canopyproof-authorization-binding.test.ts,untracked,H trust-kernel-postgres,include,focused trust-kernel authority validation belongs with the implementation it proves,PENDING_H_TRUST_KERNEL_POSTGRES,pending_clean_replay
dropin-earth/tests/unit/canopyproof-aws-kms-managed-signature-verifier.test.ts,untracked,F verify-only-security,include,verify-only KMS or edge security and observability boundary; deterministic or security validation,PENDING_F_VERIFY_ONLY_SECURITY,pending_clean_replay
dropin-earth/tests/unit/canopyproof-canonical-project-lifecycle-resolver.test.ts,untracked,H trust-kernel-postgres,include,focused trust-kernel authority validation belongs with the implementation it proves,PENDING_H_TRUST_KERNEL_POSTGRES,pending_clean_replay
dropin-earth/tests/unit/canopyproof-certificate-transparency.test.ts,untracked,I validation-coverage,include,cross-authority or mounted-route validation runs only after final integration composition,PENDING_I_VALIDATION_COVERAGE,pending_clean_replay
dropin-earth/tests/unit/canopyproof-challenge-cases.test.ts,untracked,I validation-coverage,include,cross-authority or mounted-route validation runs only after final integration composition,PENDING_I_VALIDATION_COVERAGE,pending_clean_replay
dropin-earth/tests/unit/canopyproof-ci-workflow.test.ts,untracked,I validation-coverage,include,"canonical trust, governance, proof, audit, or PostgreSQL authority; deterministic or security validation",PENDING_I_VALIDATION_COVERAGE,pending_clean_replay
dropin-earth/tests/unit/canopyproof-data-quality.test.ts,untracked,I validation-coverage,include,cross-authority or mounted-route validation runs only after final integration composition,PENDING_I_VALIDATION_COVERAGE,pending_clean_replay
dropin-earth/tests/unit/canopyproof-database-audit-transparency.test.ts,untracked,I validation-coverage,include,cross-authority or mounted-route validation runs only after final integration composition,PENDING_I_VALIDATION_COVERAGE,pending_clean_replay
dropin-earth/tests/unit/canopyproof-design-spec.test.ts,tracked_modified,I validation-coverage,include,"canonical trust, governance, proof, audit, or PostgreSQL authority; deterministic or security validation",PENDING_I_VALIDATION_COVERAGE,pending_clean_replay
dropin-earth/tests/unit/canopyproof-device-attestation-adapter.test.ts,untracked,G evidence-orchestration,include,device attestation and effective media form one cyclic evidence-orchestration authority boundary,PENDING_G_EVIDENCE_ORCHESTRATION,pending_clean_replay
dropin-earth/tests/unit/canopyproof-early-warning-authority.test.ts,untracked,H trust-kernel-postgres,include,focused trust-kernel authority validation belongs with the implementation it proves,PENDING_H_TRUST_KERNEL_POSTGRES,pending_clean_replay
dropin-earth/tests/unit/canopyproof-early-warning.test.ts,untracked,I validation-coverage,include,cross-authority or mounted-route validation runs only after final integration composition,PENDING_I_VALIDATION_COVERAGE,pending_clean_replay
dropin-earth/tests/unit/canopyproof-edge-observability.test.ts,untracked,F verify-only-security,include,verify-only KMS or edge security and observability boundary; deterministic or security validation,PENDING_F_VERIFY_ONLY_SECURITY,pending_clean_replay
dropin-earth/tests/unit/canopyproof-environmental-proof-authority.test.ts,untracked,H trust-kernel-postgres,include,focused trust-kernel authority validation belongs with the implementation it proves,PENDING_H_TRUST_KERNEL_POSTGRES,pending_clean_replay
dropin-earth/tests/unit/canopyproof-environmental-proof-lifecycle-authority.test.ts,untracked,H trust-kernel-postgres,include,focused trust-kernel authority validation belongs with the implementation it proves,PENDING_H_TRUST_KERNEL_POSTGRES,pending_clean_replay
dropin-earth/tests/unit/canopyproof-esg-metric-authority.test.ts,untracked,H trust-kernel-postgres,include,focused trust-kernel authority validation belongs with the implementation it proves,PENDING_H_TRUST_KERNEL_POSTGRES,pending_clean_replay
dropin-earth/tests/unit/canopyproof-esg-reporting-authority.test.ts,untracked,H trust-kernel-postgres,include,focused trust-kernel authority validation belongs with the implementation it proves,PENDING_H_TRUST_KERNEL_POSTGRES,pending_clean_replay
dropin-earth/tests/unit/canopyproof-esg-reporting.test.ts,untracked,I validation-coverage,include,cross-authority or mounted-route validation runs only after final integration composition,PENDING_I_VALIDATION_COVERAGE,pending_clean_replay
dropin-earth/tests/unit/canopyproof-evidence-custody-authority.test.ts,untracked,H trust-kernel-postgres,include,focused trust-kernel authority validation belongs with the implementation it proves,PENDING_H_TRUST_KERNEL_POSTGRES,pending_clean_replay
dropin-earth/tests/unit/canopyproof-evidence-media-authority.test.ts,untracked,G evidence-orchestration,include,"existing evidence metadata, media, visual, or observation orchestration; deterministic or security validation",PENDING_G_EVIDENCE_ORCHESTRATION,pending_clean_replay
dropin-earth/tests/unit/canopyproof-evidence-media-provider-runtime.test.ts,untracked,G evidence-orchestration,include,"existing evidence metadata, media, visual, or observation orchestration; deterministic or security validation",PENDING_G_EVIDENCE_ORCHESTRATION,pending_clean_replay
dropin-earth/tests/unit/canopyproof-evidence-metadata-extractor-adapter.test.ts,untracked,G evidence-orchestration,include,"existing evidence metadata, media, visual, or observation orchestration; deterministic or security validation",PENDING_G_EVIDENCE_ORCHESTRATION,pending_clean_replay
dropin-earth/tests/unit/canopyproof-evidence-metadata-retention-authority.test.ts,untracked,G evidence-orchestration,include,"existing evidence metadata, media, visual, or observation orchestration; deterministic or security validation",PENDING_G_EVIDENCE_ORCHESTRATION,pending_clean_replay
dropin-earth/tests/unit/canopyproof-evidence-network.test.ts,untracked,I validation-coverage,include,cross-authority or mounted-route validation runs only after final integration composition,PENDING_I_VALIDATION_COVERAGE,pending_clean_replay
dropin-earth/tests/unit/canopyproof-evidence-offline-community-authority.test.ts,untracked,E mobile-sync-authority,include,governed mobile sync and current-authority admission; deterministic or security validation,PENDING_E_MOBILE_SYNC_AUTHORITY,pending_clean_replay
dropin-earth/tests/unit/canopyproof-evidence-registry.test.ts,untracked,H trust-kernel-postgres,include,focused trust-kernel authority validation belongs with the implementation it proves,PENDING_H_TRUST_KERNEL_POSTGRES,pending_clean_replay
dropin-earth/tests/unit/canopyproof-evidence-review-authority.test.ts,untracked,G evidence-orchestration,include,focused evidence-orchestration validation,PENDING_G_EVIDENCE_ORCHESTRATION,pending_clean_replay
dropin-earth/tests/unit/canopyproof-evidence-verification-authority.test.ts,untracked,H trust-kernel-postgres,include,focused trust-kernel authority validation belongs with the implementation it proves,PENDING_H_TRUST_KERNEL_POSTGRES,pending_clean_replay
dropin-earth/tests/unit/canopyproof-fiftyone-adapter.test.ts,untracked,G evidence-orchestration,include,"existing evidence metadata, media, visual, or observation orchestration; deterministic or security validation",PENDING_G_EVIDENCE_ORCHESTRATION,pending_clean_replay
dropin-earth/tests/unit/canopyproof-funding-accountability-authority.test.ts,untracked,H trust-kernel-postgres,include,focused trust-kernel authority validation belongs with the implementation it proves,PENDING_H_TRUST_KERNEL_POSTGRES,pending_clean_replay
dropin-earth/tests/unit/canopyproof-funding-transparency.test.ts,untracked,I validation-coverage,include,cross-authority or mounted-route validation runs only after final integration composition,PENDING_I_VALIDATION_COVERAGE,pending_clean_replay
dropin-earth/tests/unit/canopyproof-global-command-center-publishing-authority.test.ts,untracked,C global-command-center,include,privacy-minimized global command center authority; deterministic or security validation,PENDING_C_GLOBAL_COMMAND_CENTER,pending_clean_replay
dropin-earth/tests/unit/canopyproof-global-command-center-spatial-disclosure-authority.test.ts,untracked,C global-command-center,include,privacy-minimized global command center authority; deterministic or security validation,PENDING_C_GLOBAL_COMMAND_CENTER,pending_clean_replay
dropin-earth/tests/unit/canopyproof-global-command-center.test.ts,untracked,I validation-coverage,include,cross-authority or mounted-route validation runs only after final integration composition,PENDING_I_VALIDATION_COVERAGE,pending_clean_replay
dropin-earth/tests/unit/canopyproof-governance.test.ts,untracked,I validation-coverage,include,cross-authority or mounted-route validation runs only after final integration composition,PENDING_I_VALIDATION_COVERAGE,pending_clean_replay
dropin-earth/tests/unit/canopyproof-identity-authentication.test.ts,untracked,I validation-coverage,include,cross-authority or mounted-route validation runs only after final integration composition,PENDING_I_VALIDATION_COVERAGE,pending_clean_replay
dropin-earth/tests/unit/canopyproof-identity.test.ts,untracked,I validation-coverage,include,cross-authority or mounted-route validation runs only after final integration composition,PENDING_I_VALIDATION_COVERAGE,pending_clean_replay
dropin-earth/tests/unit/canopyproof-institutional-reporting.test.ts,untracked,I validation-coverage,include,cross-authority or mounted-route validation runs only after final integration composition,PENDING_I_VALIDATION_COVERAGE,pending_clean_replay
dropin-earth/tests/unit/canopyproof-memory.test.ts,untracked,I validation-coverage,include,cross-authority or mounted-route validation runs only after final integration composition,PENDING_I_VALIDATION_COVERAGE,pending_clean_replay
dropin-earth/tests/unit/canopyproof-methodology-governance-authority.test.ts,untracked,H trust-kernel-postgres,include,focused trust-kernel authority validation belongs with the implementation it proves,PENDING_H_TRUST_KERNEL_POSTGRES,pending_clean_replay
dropin-earth/tests/unit/canopyproof-methodology-registry.test.ts,untracked,I validation-coverage,include,cross-authority or mounted-route validation runs only after final integration composition,PENDING_I_VALIDATION_COVERAGE,pending_clean_replay
dropin-earth/tests/unit/canopyproof-mobile-evidence-sync.test.ts,untracked,E mobile-sync-authority,include,governed mobile sync and current-authority admission; deterministic or security validation,PENDING_E_MOBILE_SYNC_AUTHORITY,pending_clean_replay
dropin-earth/tests/unit/canopyproof-mobile-evidence-vault.test.ts,untracked,D mobile-evidence-vault,include,encrypted offline evidence vault; deterministic or security validation,PENDING_D_MOBILE_EVIDENCE_VAULT,pending_clean_replay
dropin-earth/tests/unit/canopyproof-mobile-sync-admission.test.ts,untracked,E mobile-sync-authority,include,governed mobile sync and current-authority admission; deterministic or security validation,PENDING_E_MOBILE_SYNC_AUTHORITY,pending_clean_replay
dropin-earth/tests/unit/canopyproof-mrv-graph-authority.test.ts,untracked,H trust-kernel-postgres,include,focused trust-kernel authority validation belongs with the implementation it proves,PENDING_H_TRUST_KERNEL_POSTGRES,pending_clean_replay
dropin-earth/tests/unit/canopyproof-nasa-gibs-api.test.ts,untracked,I validation-coverage,include,cross-authority or mounted-route validation runs only after final integration composition,PENDING_I_VALIDATION_COVERAGE,pending_clean_replay
dropin-earth/tests/unit/canopyproof-nasa-gibs-ui.test.ts,untracked,I validation-coverage,include,"cross-authority institutional UI composes trust, evidence, and mobile slices and belongs in final integration",PENDING_I_VALIDATION_COVERAGE,pending_clean_replay
dropin-earth/tests/unit/canopyproof-nasa-gibs.test.ts,untracked,G evidence-orchestration,include,"existing evidence metadata, media, visual, or observation orchestration; deterministic or security validation",PENDING_G_EVIDENCE_ORCHESTRATION,pending_clean_replay
dropin-earth/tests/unit/canopyproof-observability-deployment.test.ts,untracked,I validation-coverage,include,cross-authority or mounted-route validation runs only after final integration composition,PENDING_I_VALIDATION_COVERAGE,pending_clean_replay
dropin-earth/tests/unit/canopyproof-opentelemetry-exporter.test.ts,untracked,F verify-only-security,include,verify-only KMS or edge security and observability boundary; deterministic or security validation,PENDING_F_VERIFY_ONLY_SECURITY,pending_clean_replay
dropin-earth/tests/unit/canopyproof-organization-accreditation-authority.test.ts,untracked,H trust-kernel-postgres,include,focused trust-kernel authority validation belongs with the implementation it proves,PENDING_H_TRUST_KERNEL_POSTGRES,pending_clean_replay
dropin-earth/tests/unit/canopyproof-organization-lifecycle-authority.test.ts,untracked,H trust-kernel-postgres,include,focused trust-kernel authority validation belongs with the implementation it proves,PENDING_H_TRUST_KERNEL_POSTGRES,pending_clean_replay
dropin-earth/tests/unit/canopyproof-os-modules.test.ts,untracked,I validation-coverage,include,"canonical trust, governance, proof, audit, or PostgreSQL authority; deterministic or security validation",PENDING_I_VALIDATION_COVERAGE,pending_clean_replay
dropin-earth/tests/unit/canopyproof-partner-collaboration.test.ts,untracked,I validation-coverage,include,cross-authority or mounted-route validation runs only after final integration composition,PENDING_I_VALIDATION_COVERAGE,pending_clean_replay
dropin-earth/tests/unit/canopyproof-point-cloud-mrv.test.ts,untracked,G evidence-orchestration,include,"existing evidence metadata, media, visual, or observation orchestration; deterministic or security validation",PENDING_G_EVIDENCE_ORCHESTRATION,pending_clean_replay
dropin-earth/tests/unit/canopyproof-postgres-advisory-lock.test.ts,untracked,H trust-kernel-postgres,include,focused trust-kernel authority validation belongs with the implementation it proves,PENDING_H_TRUST_KERNEL_POSTGRES,pending_clean_replay
dropin-earth/tests/unit/canopyproof-production-workflow.test.ts,tracked_modified,X mixed-legacy-product-entrypoint,exclude,tracked file mixes approved CanopyProof work with unrelated Phase 16 product or deployment code; retain committed base,EXCLUDED,path_and_boundary_reviewed
dropin-earth/tests/unit/canopyproof-project-lifecycle-authority.test.ts,untracked,H trust-kernel-postgres,include,focused trust-kernel authority validation belongs with the implementation it proves,PENDING_H_TRUST_KERNEL_POSTGRES,pending_clean_replay
dropin-earth/tests/unit/canopyproof-project-registry.test.ts,untracked,I validation-coverage,include,cross-authority or mounted-route validation runs only after final integration composition,PENDING_I_VALIDATION_COVERAGE,pending_clean_replay
dropin-earth/tests/unit/canopyproof-proof-api.test.ts,untracked,I validation-coverage,include,cross-authority or mounted-route validation runs only after final integration composition,PENDING_I_VALIDATION_COVERAGE,pending_clean_replay
dropin-earth/tests/unit/canopyproof-proof-challenges.test.ts,untracked,I validation-coverage,include,cross-authority or mounted-route validation runs only after final integration composition,PENDING_I_VALIDATION_COVERAGE,pending_clean_replay
dropin-earth/tests/unit/canopyproof-proof-engine.test.ts,untracked,H trust-kernel-postgres,include,focused trust-kernel authority validation belongs with the implementation it proves,PENDING_H_TRUST_KERNEL_POSTGRES,pending_clean_replay
dropin-earth/tests/unit/canopyproof-public-explorer.test.ts,untracked,I validation-coverage,include,cross-authority or mounted-route validation runs only after final integration composition,PENDING_I_VALIDATION_COVERAGE,pending_clean_replay
dropin-earth/tests/unit/canopyproof-public-records.test.ts,untracked,I validation-coverage,include,cross-authority or mounted-route validation runs only after final integration composition,PENDING_I_VALIDATION_COVERAGE,pending_clean_replay
dropin-earth/tests/unit/canopyproof-public-transparency-authority.test.ts,untracked,H trust-kernel-postgres,include,focused trust-kernel authority validation belongs with the implementation it proves,PENDING_H_TRUST_KERNEL_POSTGRES,pending_clean_replay
dropin-earth/tests/unit/canopyproof-resilience-chaos.test.ts,untracked,I validation-coverage,include,cross-authority or mounted-route validation runs only after final integration composition,PENDING_I_VALIDATION_COVERAGE,pending_clean_replay
dropin-earth/tests/unit/canopyproof-root-governance-authority.test.ts,untracked,H trust-kernel-postgres,include,focused trust-kernel authority validation belongs with the implementation it proves,PENDING_H_TRUST_KERNEL_POSTGRES,pending_clean_replay
dropin-earth/tests/unit/canopyproof-satellite-api.test.ts,untracked,I validation-coverage,include,cross-authority or mounted-route validation runs only after final integration composition,PENDING_I_VALIDATION_COVERAGE,pending_clean_replay
dropin-earth/tests/unit/canopyproof-satellite-proof.test.ts,untracked,B satellite-proof,include,deterministic three-layer satellite proof and replay; deterministic or security validation,PENDING_B_SATELLITE_PROOF,pending_clean_replay
dropin-earth/tests/unit/canopyproof-security-policy.test.ts,untracked,I validation-coverage,include,cross-authority or mounted-route validation runs only after final integration composition,PENDING_I_VALIDATION_COVERAGE,pending_clean_replay
dropin-earth/tests/unit/canopyproof-site.test.ts,untracked,I validation-coverage,include,"canonical trust, governance, proof, audit, or PostgreSQL authority; deterministic or security validation",PENDING_I_VALIDATION_COVERAGE,pending_clean_replay
dropin-earth/tests/unit/canopyproof-terra-intelligence.test.ts,untracked,I validation-coverage,include,cross-authority or mounted-route validation runs only after final integration composition,PENDING_I_VALIDATION_COVERAGE,pending_clean_replay
dropin-earth/tests/unit/canopyproof-trust-registry.test.ts,untracked,I validation-coverage,include,cross-authority or mounted-route validation runs only after final integration composition,PENDING_I_VALIDATION_COVERAGE,pending_clean_replay
dropin-earth/tests/unit/canopyproof-verification-decisions.test.ts,untracked,I validation-coverage,include,cross-authority or mounted-route validation runs only after final integration composition,PENDING_I_VALIDATION_COVERAGE,pending_clean_replay
dropin-earth/tests/unit/canopyproof-verification-queue.test.ts,untracked,I validation-coverage,include,cross-authority or mounted-route validation runs only after final integration composition,PENDING_I_VALIDATION_COVERAGE,pending_clean_replay
dropin-earth/tests/unit/canopyproof-visual-api-observability.test.ts,untracked,G evidence-orchestration,include,focused evidence-orchestration validation,PENDING_G_EVIDENCE_ORCHESTRATION,pending_clean_replay
dropin-earth/tests/unit/canopyproof-visual-evidence-intelligence.test.ts,untracked,G evidence-orchestration,include,"existing evidence metadata, media, visual, or observation orchestration; deterministic or security validation",PENDING_G_EVIDENCE_ORCHESTRATION,pending_clean_replay
dropin-earth/tests/unit/carbon-accounting-agent.test.ts,untracked,X unrelated-test,exclude,test covers a separate Dropin or legacy product subsystem,EXCLUDED,path_and_boundary_reviewed
dropin-earth/tests/unit/community-engagement-agent.test.ts,untracked,X unrelated-test,exclude,test covers a separate Dropin or legacy product subsystem,EXCLUDED,path_and_boundary_reviewed
dropin-earth/tests/unit/content-education-agent.test.ts,untracked,X unrelated-test,exclude,test covers a separate Dropin or legacy product subsystem,EXCLUDED,path_and_boundary_reviewed
dropin-earth/tests/unit/dropin-cloudflare-deployment.test.ts,tracked_modified,X unrelated-test,exclude,test covers a separate Dropin or legacy product subsystem,EXCLUDED,path_and_boundary_reviewed
dropin-earth/tests/unit/dropin-cognition.test.ts,untracked,X unrelated-test,exclude,test covers a separate Dropin or legacy product subsystem,EXCLUDED,path_and_boundary_reviewed
dropin-earth/tests/unit/dropin-dashboard.test.ts,untracked,X unrelated-test,exclude,test covers a separate Dropin or legacy product subsystem,EXCLUDED,path_and_boundary_reviewed
dropin-earth/tests/unit/dropin-growth.test.ts,untracked,X unrelated-test,exclude,test covers a separate Dropin or legacy product subsystem,EXCLUDED,path_and_boundary_reviewed
dropin-earth/tests/unit/dropin-master-prompt-vnext.test.ts,untracked,X unrelated-test,exclude,test covers a separate Dropin or legacy product subsystem,EXCLUDED,path_and_boundary_reviewed
dropin-earth/tests/unit/dropin-memory.test.ts,untracked,X unrelated-test,exclude,test covers a separate Dropin or legacy product subsystem,EXCLUDED,path_and_boundary_reviewed
dropin-earth/tests/unit/dropin-operations-os.test.ts,untracked,X unrelated-test,exclude,test covers a separate Dropin or legacy product subsystem,EXCLUDED,path_and_boundary_reviewed
dropin-earth/tests/unit/dropin-protocol-infra.test.ts,untracked,X unrelated-test,exclude,test covers a separate Dropin or legacy product subsystem,EXCLUDED,path_and_boundary_reviewed
dropin-earth/tests/unit/dropin-protocol.test.ts,untracked,X unrelated-test,exclude,test covers a separate Dropin or legacy product subsystem,EXCLUDED,path_and_boundary_reviewed
dropin-earth/tests/unit/dropin-realtime.test.ts,untracked,X unrelated-test,exclude,test covers a separate Dropin or legacy product subsystem,EXCLUDED,path_and_boundary_reviewed
dropin-earth/tests/unit/dropin-security.test.ts,untracked,X unrelated-test,exclude,test covers a separate Dropin or legacy product subsystem,EXCLUDED,path_and_boundary_reviewed
dropin-earth/tests/unit/dual-deployment-workflow.test.ts,untracked,X unrelated-test,exclude,test covers a separate Dropin or legacy product subsystem,EXCLUDED,path_and_boundary_reviewed
dropin-earth/tests/unit/e2e-demo-automation.test.ts,untracked,X unrelated-test,exclude,test covers a separate Dropin or legacy product subsystem,EXCLUDED,path_and_boundary_reviewed
dropin-earth/tests/unit/e2e-production-runner.test.ts,untracked,X unrelated-test,exclude,test covers a separate Dropin or legacy product subsystem,EXCLUDED,path_and_boundary_reviewed
dropin-earth/tests/unit/external-partner-agent.test.ts,untracked,X unrelated-test,exclude,test covers a separate Dropin or legacy product subsystem,EXCLUDED,path_and_boundary_reviewed
dropin-earth/tests/unit/governance-agent.test.ts,untracked,X unrelated-test,exclude,test covers a separate Dropin or legacy product subsystem,EXCLUDED,path_and_boundary_reviewed
dropin-earth/tests/unit/growth-referral-agent.test.ts,untracked,X unrelated-test,exclude,test covers a separate Dropin or legacy product subsystem,EXCLUDED,path_and_boundary_reviewed
dropin-earth/tests/unit/ops-infrastructure-agent.test.ts,untracked,X unrelated-test,exclude,test covers a separate Dropin or legacy product subsystem,EXCLUDED,path_and_boundary_reviewed
dropin-earth/tests/unit/phase16-scaffold.test.ts,untracked,X unrelated-test,exclude,test covers a separate Dropin or legacy product subsystem,EXCLUDED,path_and_boundary_reviewed
dropin-earth/tests/unit/phase17-production-implementation.test.ts,untracked,X unrelated-test,exclude,test covers a separate Dropin or legacy product subsystem,EXCLUDED,path_and_boundary_reviewed
dropin-earth/tests/unit/phase17-sprint1.test.ts,untracked,X unrelated-test,exclude,test covers a separate Dropin or legacy product subsystem,EXCLUDED,path_and_boundary_reviewed
dropin-earth/tests/unit/pocc-ahin-consensus-agent.test.ts,untracked,X unrelated-test,exclude,test covers a separate Dropin or legacy product subsystem,EXCLUDED,path_and_boundary_reviewed
dropin-earth/tests/unit/product-vision-agent.test.ts,untracked,X unrelated-test,exclude,test covers a separate Dropin or legacy product subsystem,EXCLUDED,path_and_boundary_reviewed
dropin-earth/tests/unit/production-convergence.test.ts,untracked,X unrelated-test,exclude,test covers a separate Dropin or legacy product subsystem,EXCLUDED,path_and_boundary_reviewed
dropin-earth/tests/unit/proof-of-planting-agent.test.ts,untracked,X unrelated-test,exclude,test covers a separate Dropin or legacy product subsystem,EXCLUDED,path_and_boundary_reviewed
dropin-earth/tests/unit/quickstart-seed-scripts.test.ts,untracked,X unrelated-test,exclude,test covers a separate Dropin or legacy product subsystem,EXCLUDED,path_and_boundary_reviewed
dropin-earth/tests/unit/randomness-sybil.test.ts,untracked,X unrelated-test,exclude,test covers a separate Dropin or legacy product subsystem,EXCLUDED,path_and_boundary_reviewed
dropin-earth/tests/unit/risk-red-team-agent.test.ts,untracked,X unrelated-test,exclude,test covers a separate Dropin or legacy product subsystem,EXCLUDED,path_and_boundary_reviewed
dropin-earth/tests/unit/tree-lotto-agent.test.ts,untracked,X unrelated-test,exclude,test covers a separate Dropin or legacy product subsystem,EXCLUDED,path_and_boundary_reviewed
dropin-earth/tests/unit/ux-experience-agent.test.ts,untracked,X unrelated-test,exclude,test covers a separate Dropin or legacy product subsystem,EXCLUDED,path_and_boundary_reviewed
dropin-earth/tests/unit/wallet-payment-agent.test.ts,untracked,X unrelated-test,exclude,test covers a separate Dropin or legacy product subsystem,EXCLUDED,path_and_boundary_reviewed
dropin-main/.env.example,untracked,X outside-intended-root,exclude,outside the intended dropin-earth integration root,EXCLUDED,path_and_boundary_reviewed
dropin-main/.gitignore,tracked_modified,X outside-intended-root,exclude,outside the intended dropin-earth integration root,EXCLUDED,path_and_boundary_reviewed
dropin-main/docs/api.md,untracked,X outside-intended-root,exclude,outside the intended dropin-earth integration root,EXCLUDED,path_and_boundary_reviewed
dropin-main/docs/architecture.md,untracked,X outside-intended-root,exclude,outside the intended dropin-earth integration root,EXCLUDED,path_and_boundary_reviewed
dropin-main/docs/canopyproof-protocol.md,untracked,X outside-intended-root,exclude,outside the intended dropin-earth integration root,EXCLUDED,path_and_boundary_reviewed
dropin-main/docs/carbon-methodology.md,untracked,X outside-intended-root,exclude,outside the intended dropin-earth integration root,EXCLUDED,path_and_boundary_reviewed
dropin-main/docs/dropin-earth.md,untracked,X outside-intended-root,exclude,outside the intended dropin-earth integration root,EXCLUDED,path_and_boundary_reviewed
dropin-main/docs/production-product.md,untracked,X outside-intended-root,exclude,outside the intended dropin-earth integration root,EXCLUDED,path_and_boundary_reviewed
dropin-main/docs/red-team-evolution.md,untracked,X outside-intended-root,exclude,outside the intended dropin-earth integration root,EXCLUDED,path_and_boundary_reviewed
dropin-main/docs/repository-governance.md,untracked,X outside-intended-root,exclude,outside the intended dropin-earth integration root,EXCLUDED,path_and_boundary_reviewed
dropin-main/docs/security.md,untracked,X outside-intended-root,exclude,outside the intended dropin-earth integration root,EXCLUDED,path_and_boundary_reviewed
dropin-main/docs/ui-ux-operating-interface.md,untracked,X outside-intended-root,exclude,outside the intended dropin-earth integration root,EXCLUDED,path_and_boundary_reviewed
dropin-main/docs/v1-production-freeze.md,untracked,X outside-intended-root,exclude,outside the intended dropin-earth integration root,EXCLUDED,path_and_boundary_reviewed
dropin-main/eslint.config.mjs,untracked,X outside-intended-root,exclude,outside the intended dropin-earth integration root,EXCLUDED,path_and_boundary_reviewed
dropin-main/next.config.mjs,tracked_modified,X outside-intended-root,exclude,outside the intended dropin-earth integration root,EXCLUDED,path_and_boundary_reviewed
dropin-main/package-lock.json,tracked_modified,X outside-intended-root,exclude,outside the intended dropin-earth integration root,EXCLUDED,path_and_boundary_reviewed
dropin-main/package.json,tracked_modified,X outside-intended-root,exclude,outside the intended dropin-earth integration root,EXCLUDED,path_and_boundary_reviewed
dropin-main/public/images/dropin-logo.svg,untracked,X outside-intended-root,exclude,outside the intended dropin-earth integration root,EXCLUDED,path_and_boundary_reviewed
dropin-main/README.md,tracked_modified,X outside-intended-root,exclude,outside the intended dropin-earth integration root,EXCLUDED,path_and_boundary_reviewed
dropin-main/scripts/verify-earth-render.mjs,untracked,X outside-intended-root,exclude,outside the intended dropin-earth integration root,EXCLUDED,path_and_boundary_reviewed
dropin-main/src/app/Actions.json/route.ts,tracked_modified,X outside-intended-root,exclude,outside the intended dropin-earth integration root,EXCLUDED,path_and_boundary_reviewed
dropin-main/src/app/api/supply/route.ts,tracked_modified,X outside-intended-root,exclude,outside the intended dropin-earth integration root,EXCLUDED,path_and_boundary_reviewed
dropin-main/src/app/globals.css,tracked_modified,X outside-intended-root,exclude,outside the intended dropin-earth integration root,EXCLUDED,path_and_boundary_reviewed
dropin-main/src/app/layout.tsx,tracked_modified,X outside-intended-root,exclude,outside the intended dropin-earth integration root,EXCLUDED,path_and_boundary_reviewed
dropin-main/src/app/page.tsx,tracked_modified,X outside-intended-root,exclude,outside the intended dropin-earth integration root,EXCLUDED,path_and_boundary_reviewed
dropin-main/src/components/earth-globe.tsx,untracked,X outside-intended-root,exclude,outside the intended dropin-earth integration root,EXCLUDED,path_and_boundary_reviewed
dropin-main/src/lib/dropin-domain.ts,untracked,X outside-intended-root,exclude,outside the intended dropin-earth integration root,EXCLUDED,path_and_boundary_reviewed
dropin-main/tsconfig.json,tracked_modified,X outside-intended-root,exclude,outside the intended dropin-earth integration root,EXCLUDED,path_and_boundary_reviewed
gaia-nexus/.cargo/config.toml,untracked,X outside-intended-root,exclude,outside the intended dropin-earth integration root,EXCLUDED,path_and_boundary_reviewed
gaia-nexus/.DS_Store,untracked,X generated-artifact,exclude,OS or tool-generated cache,EXCLUDED,path_and_boundary_reviewed
gaia-nexus/.gitignore,untracked,X outside-intended-root,exclude,outside the intended dropin-earth integration root,EXCLUDED,path_and_boundary_reviewed
gaia-nexus/Cargo.lock,untracked,X outside-intended-root,exclude,outside the intended dropin-earth integration root,EXCLUDED,path_and_boundary_reviewed
gaia-nexus/Cargo.toml,untracked,X outside-intended-root,exclude,outside the intended dropin-earth integration root,EXCLUDED,path_and_boundary_reviewed
gaia-nexus/crates/gaia-compute/build.rs,untracked,X outside-intended-root,exclude,outside the intended dropin-earth integration root,EXCLUDED,path_and_boundary_reviewed
gaia-nexus/crates/gaia-compute/Cargo.toml,untracked,X outside-intended-root,exclude,outside the intended dropin-earth integration root,EXCLUDED,path_and_boundary_reviewed
gaia-nexus/crates/gaia-compute/kernels/fno_adjoint_hip.cpp,untracked,X outside-intended-root,exclude,outside the intended dropin-earth integration root,EXCLUDED,path_and_boundary_reviewed
gaia-nexus/crates/gaia-compute/kernels/fno_metal.metal,untracked,X outside-intended-root,exclude,outside the intended dropin-earth integration root,EXCLUDED,path_and_boundary_reviewed
gaia-nexus/crates/gaia-compute/kernels/fno_predict_module.hip,untracked,X outside-intended-root,exclude,outside the intended dropin-earth integration root,EXCLUDED,path_and_boundary_reviewed
gaia-nexus/crates/gaia-compute/src/adjoint.rs,untracked,X outside-intended-root,exclude,outside the intended dropin-earth integration root,EXCLUDED,path_and_boundary_reviewed
gaia-nexus/crates/gaia-compute/src/backend.rs,untracked,X outside-intended-root,exclude,outside the intended dropin-earth integration root,EXCLUDED,path_and_boundary_reviewed
gaia-nexus/crates/gaia-compute/src/fno.rs,untracked,X outside-intended-root,exclude,outside the intended dropin-earth integration root,EXCLUDED,path_and_boundary_reviewed
gaia-nexus/crates/gaia-compute/src/hip_backend.rs,untracked,X outside-intended-root,exclude,outside the intended dropin-earth integration root,EXCLUDED,path_and_boundary_reviewed
gaia-nexus/crates/gaia-compute/src/kernels.rs,untracked,X outside-intended-root,exclude,outside the intended dropin-earth integration root,EXCLUDED,path_and_boundary_reviewed
gaia-nexus/crates/gaia-compute/src/lib.rs,untracked,X outside-intended-root,exclude,outside the intended dropin-earth integration root,EXCLUDED,path_and_boundary_reviewed
gaia-nexus/crates/gaia-compute/src/metal_backend.rs,untracked,X outside-intended-root,exclude,outside the intended dropin-earth integration root,EXCLUDED,path_and_boundary_reviewed
gaia-nexus/crates/gaia-compute/src/pde.rs,untracked,X outside-intended-root,exclude,outside the intended dropin-earth integration root,EXCLUDED,path_and_boundary_reviewed
gaia-nexus/crates/gaia-compute/src/pipeline.rs,untracked,X outside-intended-root,exclude,outside the intended dropin-earth integration root,EXCLUDED,path_and_boundary_reviewed
gaia-nexus/crates/gaia-compute/src/queue.rs,untracked,X outside-intended-root,exclude,outside the intended dropin-earth integration root,EXCLUDED,path_and_boundary_reviewed
gaia-nexus/crates/gaia-compute/src/rls.rs,untracked,X outside-intended-root,exclude,outside the intended dropin-earth integration root,EXCLUDED,path_and_boundary_reviewed
gaia-nexus/crates/gaia-compute/src/singularity.rs,untracked,X outside-intended-root,exclude,outside the intended dropin-earth integration root,EXCLUDED,path_and_boundary_reviewed
gaia-nexus/crates/gaia-compute/tests/compute_contract.rs,untracked,X outside-intended-root,exclude,outside the intended dropin-earth integration root,EXCLUDED,path_and_boundary_reviewed
gaia-nexus/crates/gaia-network/Cargo.toml,untracked,X outside-intended-root,exclude,outside the intended dropin-earth integration root,EXCLUDED,path_and_boundary_reviewed
gaia-nexus/crates/gaia-network/src/ahin.rs,untracked,X outside-intended-root,exclude,outside the intended dropin-earth integration root,EXCLUDED,path_and_boundary_reviewed
gaia-nexus/crates/gaia-network/src/lib.rs,untracked,X outside-intended-root,exclude,outside the intended dropin-earth integration root,EXCLUDED,path_and_boundary_reviewed
gaia-nexus/crates/gaia-network/src/physics_challenge.rs,untracked,X outside-intended-root,exclude,outside the intended dropin-earth integration root,EXCLUDED,path_and_boundary_reviewed
gaia-nexus/crates/gaia-network/src/spatial_kademlia.rs,untracked,X outside-intended-root,exclude,outside the intended dropin-earth integration root,EXCLUDED,path_and_boundary_reviewed
gaia-nexus/crates/gaia-render/Cargo.toml,untracked,X outside-intended-root,exclude,outside the intended dropin-earth integration root,EXCLUDED,path_and_boundary_reviewed
gaia-nexus/crates/gaia-render/src/lib.rs,untracked,X outside-intended-root,exclude,outside the intended dropin-earth integration root,EXCLUDED,path_and_boundary_reviewed
gaia-nexus/crates/gaia-runtime/Cargo.toml,untracked,X outside-intended-root,exclude,outside the intended dropin-earth integration root,EXCLUDED,path_and_boundary_reviewed
gaia-nexus/crates/gaia-runtime/src/bin/gaia-edge-bench.rs,untracked,X outside-intended-root,exclude,outside the intended dropin-earth integration root,EXCLUDED,path_and_boundary_reviewed
gaia-nexus/crates/gaia-runtime/src/bin/gaia-node.rs,untracked,X outside-intended-root,exclude,outside the intended dropin-earth integration root,EXCLUDED,path_and_boundary_reviewed
gaia-nexus/crates/gaia-runtime/src/ffi.rs,untracked,X outside-intended-root,exclude,outside the intended dropin-earth integration root,EXCLUDED,path_and_boundary_reviewed
gaia-nexus/crates/gaia-runtime/src/lib.rs,untracked,X outside-intended-root,exclude,outside the intended dropin-earth integration root,EXCLUDED,path_and_boundary_reviewed
gaia-nexus/crates/gaia-runtime/src/python.rs,untracked,X outside-intended-root,exclude,outside the intended dropin-earth integration root,EXCLUDED,path_and_boundary_reviewed
gaia-nexus/crates/gaia-storage/Cargo.toml,untracked,X outside-intended-root,exclude,outside the intended dropin-earth integration root,EXCLUDED,path_and_boundary_reviewed
gaia-nexus/crates/gaia-storage/include/gaia_storage_abi.h,untracked,X outside-intended-root,exclude,outside the intended dropin-earth integration root,EXCLUDED,path_and_boundary_reviewed
gaia-nexus/crates/gaia-storage/src/abi.rs,untracked,X outside-intended-root,exclude,outside the intended dropin-earth integration root,EXCLUDED,path_and_boundary_reviewed
gaia-nexus/crates/gaia-storage/src/chunk.rs,untracked,X outside-intended-root,exclude,outside the intended dropin-earth integration root,EXCLUDED,path_and_boundary_reviewed
gaia-nexus/crates/gaia-storage/src/lib.rs,untracked,X outside-intended-root,exclude,outside the intended dropin-earth integration root,EXCLUDED,path_and_boundary_reviewed
gaia-nexus/crates/gaia-storage/src/mmap.rs,untracked,X outside-intended-root,exclude,outside the intended dropin-earth integration root,EXCLUDED,path_and_boundary_reviewed
gaia-nexus/crates/gaia-storage/src/tensorstore_ffi.rs,untracked,X outside-intended-root,exclude,outside the intended dropin-earth integration root,EXCLUDED,path_and_boundary_reviewed
gaia-nexus/crates/gaia-storage/src/zfp.rs,untracked,X outside-intended-root,exclude,outside the intended dropin-earth integration root,EXCLUDED,path_and_boundary_reviewed
gaia-nexus/crates/gaia-storage/tests/alignment.rs,untracked,X outside-intended-root,exclude,outside the intended dropin-earth integration root,EXCLUDED,path_and_boundary_reviewed
gaia-nexus/crates/gaia-topology/Cargo.toml,untracked,X outside-intended-root,exclude,outside the intended dropin-earth integration root,EXCLUDED,path_and_boundary_reviewed
gaia-nexus/crates/gaia-topology/src/lib.rs,untracked,X outside-intended-root,exclude,outside the intended dropin-earth integration root,EXCLUDED,path_and_boundary_reviewed
gaia-nexus/crates/gaia-topology/src/locality.rs,untracked,X outside-intended-root,exclude,outside the intended dropin-earth integration root,EXCLUDED,path_and_boundary_reviewed
gaia-nexus/data/gaia-node/resource-fold/fold-20260522T182050Z.json,untracked,X outside-intended-root,exclude,outside the intended dropin-earth integration root,EXCLUDED,path_and_boundary_reviewed
gaia-nexus/dist/apple-silicon-metal-aarch64-apple-darwin.tar.gz,untracked,X outside-intended-root,exclude,outside the intended dropin-earth integration root,EXCLUDED,path_and_boundary_reviewed
gaia-nexus/dist/apple-silicon-metal-aarch64-apple-darwin/edge-deployment.md,untracked,X outside-intended-root,exclude,outside the intended dropin-earth integration root,EXCLUDED,path_and_boundary_reviewed
gaia-nexus/dist/apple-silicon-metal-aarch64-apple-darwin/gaia_nexus_abi.h,untracked,X outside-intended-root,exclude,outside the intended dropin-earth integration root,EXCLUDED,path_and_boundary_reviewed
gaia-nexus/dist/apple-silicon-metal-aarch64-apple-darwin/gaia-edge-bench,untracked,X outside-intended-root,exclude,outside the intended dropin-earth integration root,EXCLUDED,path_and_boundary_reviewed
gaia-nexus/dist/apple-silicon-metal-aarch64-apple-darwin/gaia-node,untracked,X outside-intended-root,exclude,outside the intended dropin-earth integration root,EXCLUDED,path_and_boundary_reviewed
gaia-nexus/docs/architecture.md,untracked,X outside-intended-root,exclude,outside the intended dropin-earth integration root,EXCLUDED,path_and_boundary_reviewed
gaia-nexus/docs/c-abi.md,untracked,X outside-intended-root,exclude,outside the intended dropin-earth integration root,EXCLUDED,path_and_boundary_reviewed
gaia-nexus/docs/edge-deployment.md,untracked,X outside-intended-root,exclude,outside the intended dropin-earth integration root,EXCLUDED,path_and_boundary_reviewed
gaia-nexus/include/gaia_nexus_abi.h,untracked,X outside-intended-root,exclude,outside the intended dropin-earth integration root,EXCLUDED,path_and_boundary_reviewed
gaia-nexus/Makefile,untracked,X outside-intended-root,exclude,outside the intended dropin-earth integration root,EXCLUDED,path_and_boundary_reviewed
gaia-nexus/README.md,untracked,X outside-intended-root,exclude,outside the intended dropin-earth integration root,EXCLUDED,path_and_boundary_reviewed
gaia-nexus/rust-toolchain.toml,untracked,X outside-intended-root,exclude,outside the intended dropin-earth integration root,EXCLUDED,path_and_boundary_reviewed
gaia-nexus/scripts/bench-edge-node.sh,untracked,X outside-intended-root,exclude,outside the intended dropin-earth integration root,EXCLUDED,path_and_boundary_reviewed
gaia-nexus/scripts/bootstrap-workspace.sh,untracked,X outside-intended-root,exclude,outside the intended dropin-earth integration root,EXCLUDED,path_and_boundary_reviewed
gaia-nexus/scripts/check-build-flags.sh,untracked,X outside-intended-root,exclude,outside the intended dropin-earth integration root,EXCLUDED,path_and_boundary_reviewed
gaia-nexus/scripts/cross-build.sh,untracked,X outside-intended-root,exclude,outside the intended dropin-earth integration root,EXCLUDED,path_and_boundary_reviewed
gaia-nexus/scripts/gaia-edge-bootstrap.sh,untracked,X outside-intended-root,exclude,outside the intended dropin-earth integration root,EXCLUDED,path_and_boundary_reviewed
gaia-nexus/scripts/gaia-resource-fold.sh,untracked,X outside-intended-root,exclude,outside the intended dropin-earth integration root,EXCLUDED,path_and_boundary_reviewed
gaia-nexus/scripts/verify-memory-layout.sh,untracked,X outside-intended-root,exclude,outside the intended dropin-earth integration root,EXCLUDED,path_and_boundary_reviewed
